,Date,Price
0,2013-09-21,18.041116203828523
1,2013-09-22,8.135022917228364
2,2013-09-23,6.652493933674845
3,2013-09-24,6.170908600700996
4,2013-09-25,5.928093825829063
5,2013-09-26,5.909719600970611
6,2013-09-27,6.149649501213264
7,2013-09-28,5.741898085737395
8,2013-09-29,4.227500674036128
9,2013-09-30,4.646090590455648
10,2013-10-01,4.543286600161768
11,2013-10-02,4.494782960366675
12,2013-10-03,4.50160420598544
13,2013-10-04,4.475128066864383
14,2013-10-05,4.179334052305204
15,2013-10-06,3.628201671609598
16,2013-10-07,3.408317605823672
17,2013-10-08,3.5351038015637632
18,2013-10-09,3.49435157724454
19,2013-10-10,3.5205176597465617
20,2013-10-11,3.3377325424642756
21,2013-10-12,2.853828525208951
22,2013-10-13,2.4431383122135344
23,2013-10-14,2.2832839040172552
24,2013-10-15,2.311350768401186
25,2013-10-16,2.3024534915071446
26,2013-10-17,2.385130763008897
27,2013-10-18,2.442410353194931
28,2013-10-19,2.244998651927743
29,2013-10-20,2.0315718522512807
30,2013-10-21,2.0598409274737124
31,2013-10-22,2.0093960636290102
32,2013-10-23,2.00144243731464
33,2013-10-24,2.0027096252359127
34,2013-10-25,2.1139660285791315
35,2013-10-26,2.0098274467511454
36,2013-10-27,1.8854408196279318
37,2013-10-28,1.8083310865462388
38,2013-10-29,1.8027500674036128
39,2013-10-30,1.7894176327851172
40,2013-10-31,1.7363709894850363
41,2013-11-01,1.7664734429765434
42,2013-11-02,1.731005661903478
43,2013-11-03,1.6028579131841465
44,2013-11-04,1.4541116203828524
45,2013-11-05,1.4045969263952547
46,2013-11-06,1.4167430574278779
47,2013-11-07,1.553788083041251
48,2013-11-08,1.1364249123753032
49,2013-11-09,0.7662847128606093
50,2013-11-10,0.5746023186842815
51,2013-11-11,0.5674575357239148
52,2013-11-12,0.5887166352116473
53,2013-11-13,0.6284038824480992
54,2013-11-14,0.5863305473173361
55,2013-11-15,0.5313291992450795
56,2013-11-16,0.5365327581558371
57,2013-11-17,0.47191965489350224
58,2013-11-18,0.4825694257212186
59,2013-11-19,0.5322593691021837
60,2013-11-20,0.6175249393367483
61,2013-11-21,0.5764761391210568
62,2013-11-22,0.5958883796171475
63,2013-11-23,0.5593556214613103
64,2013-11-24,0.5239282825559449
65,2013-11-25,0.6052574818010246
66,2013-11-26,0.6302237799946077
67,2013-11-27,0.6598004853060124
68,2013-11-28,0.6187247236451873
69,2013-11-29,0.6739148018333782
70,2013-11-30,0.641170126718792
71,2013-12-01,0.6384470207603127
72,2013-12-02,0.620531140469129
73,2013-12-03,0.6396602857913184
74,2013-12-04,0.6798328390401724
75,2013-12-05,0.7061202480452952
76,2013-12-06,0.7257346993798867
77,2013-12-07,0.6784712860609328
78,2013-12-08,0.6431922351038015
79,2013-12-09,0.6454165543273119
80,2013-12-10,0.6416015098409275
81,2013-12-11,0.6415341062280937
82,2013-12-12,0.6338231329199245
83,2013-12-13,0.6349959557832299
84,2013-12-14,0.6131706659476948
85,2013-12-15,0.5744540307360474
86,2013-12-16,0.5454569964950121
87,2013-12-17,0.5390806147209489
88,2013-12-18,0.5365192774332703
89,2013-12-19,0.3445403073604745
90,2013-12-20,0.19858452413049338
91,2013-12-21,0.17113777298463195
92,2013-12-22,0.14596926395254783
93,2013-12-23,0.14005122674575354
94,2013-12-24,0.15308708546778105
95,2013-12-25,0.1999595578322998
96,2013-12-26,0.23065516311674303
97,2013-12-27,0.23746292801294144
98,2013-12-28,0.21751145861418172
99,2013-12-29,0.18468589916419517
100,2013-12-30,0.15664599622539765
101,2013-12-31,0.1524669722297115
102,2014-01-01,0.15458344567268806
103,2014-01-02,0.15057967107036935
104,2014-01-03,0.14277433270423293
105,2014-01-04,0.14241035319493123
106,2014-01-05,0.13777298463197626
107,2014-01-06,0.13517120517659745
108,2014-01-07,0.1350498786734969
109,2014-01-08,0.13840657859261254
110,2014-01-09,0.14071178215152333
111,2014-01-10,0.14250471825289834
112,2014-01-11,0.15326233486114854
113,2014-01-12,0.1294958209760043
114,2014-01-13,0.12063898624966297
115,2014-01-14,0.12055810191426258
116,2014-01-15,0.12650310056619035
117,2014-01-16,0.13341871124292262
118,2014-01-17,0.1362496629819358
119,2014-01-18,0.13453761121596117
120,2014-01-19,0.1279859800485306
121,2014-01-20,0.12855217039633324
122,2014-01-21,0.13274467511458612
123,2014-01-22,0.13360744135885683
124,2014-01-23,0.13429495820976003
125,2014-01-24,0.1392019412240496
126,2014-01-25,0.1391075761660825
127,2014-01-26,0.14812617956322457
128,2014-01-27,0.13859530870854678
129,2014-01-28,0.13639795093016985
130,2014-01-29,0.13548126179563225
131,2014-01-30,0.13275815583715286
132,2014-01-31,0.13809652197357777
133,2014-02-01,0.14543003504987867
134,2014-02-02,0.14281477487193311
135,2014-02-03,0.147007279590186
136,2014-02-04,0.14933944459423024
137,2014-02-05,0.15300620113238067
138,2014-02-06,0.17045025613372874
139,2014-02-07,0.30217039633324344
140,2014-02-08,0.34526826637907787
141,2014-02-09,0.29389323267727147
142,2014-02-10,0.2827042329468859
143,2014-02-11,0.2902534375842545
144,2014-02-12,0.30436775411162037
145,2014-02-13,0.32663790779185764
146,2014-02-14,0.35798058775950387
147,2014-02-15,0.3879751954704772
148,2014-02-16,0.4098274467511458
149,2014-02-17,0.4406983014289566
150,2014-02-18,0.47379347533027766
151,2014-02-19,0.519587489889458
152,2014-02-20,0.5689673766513885
153,2014-02-21,0.4431787543812348
154,2014-02-22,0.4036532758155837
155,2014-02-23,0.43422755459692636
156,2014-02-24,0.49729037476408733
157,2014-02-25,0.5549878673496899
158,2014-02-26,0.6129280129414936
159,2014-02-27,0.671730924777568
160,2014-02-28,0.7322863305473173
161,2014-03-01,0.7744944729037475
162,2014-03-02,0.8135346454569964
163,2014-03-03,0.9102183877055808
164,2014-03-04,1.0216635211647345
165,2014-03-05,1.0769479644108924
166,2014-03-06,1.06001617686708
167,2014-03-07,1.001739013211108
168,2014-03-08,0.9180641682394176
169,2014-03-09,0.8497843084389323
170,2014-03-10,0.8400512267457535
171,2014-03-11,0.9011323806956052
172,2014-03-12,0.9729576705311405
173,2014-03-13,1.0076570504179023
174,2014-03-14,1.0254516042059854
175,2014-03-15,0.934537611215961
176,2014-03-16,0.8858047991372338
177,2014-03-17,0.9989754650849284
178,2014-03-18,1.0633324346184954
179,2014-03-19,1.0918037206794282
180,2014-03-20,1.1161633863575087
181,2014-03-21,1.125074143974117
182,2014-03-22,1.14501213265031
183,2014-03-23,1.1780399029387973
184,2014-03-24,1.2739013211108114
185,2014-03-25,1.3864249123753032
186,2014-03-26,1.5227015368023724
187,2014-03-27,1.5570908600700994
188,2014-03-28,1.5508762469668373
189,2014-03-29,1.5944863844702075
190,2014-03-30,1.697398220544621
191,2014-03-31,1.9483688325694255
192,2014-04-01,2.101685090320841
193,2014-04-02,1.9725667295767049
194,2014-04-03,2.0354677810730655
195,2014-04-04,2.0379212725802103
196,2014-04-05,2.0288487462928013
197,2014-04-06,1.9654893502291721
198,2014-04-07,1.9689269344836882
199,2014-04-08,1.9831760582367213
200,2014-04-09,1.9964680506875168
201,2014-04-10,2.0243596656780802
202,2014-04-11,2.095740091668913
203,2014-04-12,2.084443246157994
204,2014-04-13,2.048368832569426
205,2014-04-14,2.084645456996495
206,2014-04-15,2.0564033432191966
207,2014-04-16,2.1313426799676463
208,2014-04-17,2.1030196818549474
209,2014-04-18,2.0686573200323535
210,2014-04-19,2.0538150444863845
211,2014-04-20,2.043502291722836
212,2014-04-21,2.0330277702884874
213,2014-04-22,2.050552709625236
214,2014-04-23,2.0816122944189805
215,2014-04-24,2.0521973577783768
216,2014-04-25,2.157630088972769
217,2014-04-26,2.2259908331086544
218,2014-04-27,2.2528309517390133
219,2014-04-28,2.2536263143704502
220,2014-04-29,2.286141817201402
221,2014-04-30,2.3512132650310056
222,2014-05-01,2.4973173362092207
223,2014-05-02,2.1771501752493934
224,2014-05-03,1.890913992990024
225,2014-05-04,1.7573469937988677
226,2014-05-05,1.6748314909679158
227,2014-05-06,1.7009166891345375
228,2014-05-07,1.7903073604745214
229,2014-05-08,1.8658533297384736
230,2014-05-09,1.8381100026961443
231,2014-05-10,1.6776489619843622
232,2014-05-11,1.4465354543003504
233,2014-05-12,1.4193987597735236
234,2014-05-13,1.391614990563494
235,2014-05-14,1.4076031275276353
236,2014-05-15,1.4669587489889457
237,2014-05-16,1.499946077109733
238,2014-05-17,1.4942706929091398
239,2014-05-18,1.4200053922890266
240,2014-05-19,1.394553788083041
241,2014-05-20,1.5131302237799944
242,2014-05-21,1.5959153410622808
243,2014-05-22,1.5964950121326502
244,2014-05-23,1.7165273658668103
245,2014-05-24,1.8044486384470209
246,2014-05-25,1.6276220005392288
247,2014-05-26,1.5923429495820975
248,2014-05-27,1.6001752493933672
249,2014-05-28,1.6718657320032353
250,2014-05-29,1.6231329199245077
251,2014-05-30,1.6387166352116471
252,2014-05-31,1.7589511997843084
253,2014-06-01,1.7504718252898352
254,2014-06-02,1.7243596656780802
255,2014-06-03,1.6889458074952817
256,2014-06-04,1.620679428417363
257,2014-06-05,1.7547856565111886
258,2014-06-06,1.7694257212186573
259,2014-06-07,1.7989619843623617
260,2014-06-08,1.8118630358587218
261,2014-06-09,1.917282286330547
262,2014-06-10,1.8821784847667833
263,2014-06-11,1.8362092208142355
264,2014-06-12,1.812617956322459
265,2014-06-13,1.8355486654084658
266,2014-06-14,1.9711108115394984
267,2014-06-15,1.9326772715017526
268,2014-06-16,1.9540576974925854
269,2014-06-17,1.9431517929361013
270,2014-06-18,1.9697088163925585
271,2014-06-19,1.9787678619574007
272,2014-06-20,1.9209625235912644
273,2014-06-21,1.8472229711512533
274,2014-06-22,1.7057023456457263
275,2014-06-23,1.5918037206794282
276,2014-06-24,1.7405500134807224
277,2014-06-25,1.9349824750606632
278,2014-06-26,1.950647074683203
279,2014-06-27,2.0215691561067675
280,2014-06-28,2.1299676462658397
281,2014-06-29,2.088460501482879
282,2014-06-30,2.0504179023995683
283,2014-07-01,2.2399029387975196
284,2014-07-02,1.611957400916689
285,2014-07-03,1.776853599352925
286,2014-07-04,1.9226880560798056
287,2014-07-05,1.98643839309787
288,2014-07-06,2.1380695605284443
289,2014-07-07,2.0966972229711507
290,2014-07-08,2.082205446211917
291,2014-07-09,2.190118630358587
292,2014-07-10,2.209854408196279
293,2014-07-11,2.110595847937449
294,2014-07-12,2.063103262334861
295,2014-07-13,1.998085737395524
296,2014-07-14,2.174427069290914
297,2014-07-15,2.1118360744135884
298,2014-07-16,2.2013750337018063
299,2014-07-17,2.1906848207063896
300,2014-07-18,2.210110541925047
301,2014-07-19,2.2695605284443245
302,2014-07-20,2.2609733081693175
303,2014-07-21,2.2502696144513346
304,2014-07-22,2.345254785656511
305,2014-07-23,2.420962523591264
306,2014-07-24,2.4835535184685895
307,2014-07-25,2.6761526017794552
308,2014-07-26,2.78936370989485
309,2014-07-27,2.844486384470207
310,2014-07-28,2.9808978161229436
311,2014-07-29,2.922310595847937
312,2014-07-30,2.846737665138851
313,2014-07-31,2.9477622000539223
314,2014-08-01,3.0712860609328656
315,2014-08-02,3.144095443515772
316,2014-08-03,3.295645726610946
317,2014-08-04,3.537948234025343
318,2014-08-05,3.35074143974117
319,2014-08-06,3.7975734699379884
320,2014-08-07,3.871313022377999
321,2014-08-08,3.9594499865192767
322,2014-08-09,4.299689943380965
323,2014-08-10,4.192396872472364
324,2014-08-11,3.9672014019951463
325,2014-08-12,3.93726071717444
326,2014-08-13,3.8919789700727954
327,2014-08-14,3.789350229172283
328,2014-08-15,3.8995146939875975
329,2014-08-16,3.988554866540846
330,2014-08-17,3.6726476139121056
331,2014-08-18,3.7390806147209488
332,2014-08-19,3.80861418172014
333,2014-08-20,3.9031949312483145
334,2014-08-21,3.8691561067673224
335,2014-08-22,3.980102453491507
336,2014-08-23,4.211215961175518
337,2014-08-24,4.290293879751955
338,2014-08-25,4.415300620113237
339,2014-08-26,4.387112429226206
340,2014-08-27,4.523914801833378
341,2014-08-28,4.596090590455648
342,2014-08-29,4.533310865462388
343,2014-08-30,4.72922620652467
344,2014-08-31,4.854785656511188
345,2014-09-01,5.06228093825829
346,2014-09-02,5.1239956861687785
347,2014-09-03,5.16087894311135
348,2014-09-04,4.874615799406848
349,2014-09-05,4.845942302507414
350,2014-09-06,4.581989754650849
351,2014-09-07,4.516069021299542
352,2014-09-08,4.509449986519277
353,2014-09-09,4.589619843623618
354,2014-09-10,4.713076300889727
355,2014-09-11,4.74439201941224
356,2014-09-12,4.854192504718252
357,2014-09-13,4.971569156106767
358,2014-09-14,4.5723375572930705
359,2014-09-15,4.770652466972229
360,2014-09-16,4.791116203828524
361,2014-09-17,4.850404421677001
362,2014-09-18,4.936424912375303
363,2014-09-19,4.99224858452413
364,2014-09-20,4.920221083850095
365,2014-09-21,4.628875707737935
366,2014-09-22,4.567673227284982
367,2014-09-23,4.587435966567807
368,2014-09-24,4.754772175788622
369,2014-09-25,4.8635481261795634
370,2014-09-26,4.939390671339983
371,2014-09-27,4.829253167969802
372,2014-09-28,4.756295497438662
373,2014-09-29,4.776759234294958
374,2014-09-30,4.926651388514424
375,2014-10-01,4.942356430304664
376,2014-10-02,4.866877864653545
377,2014-10-03,4.877487193313561
378,2014-10-04,4.672607171744405
379,2014-10-05,4.730291183607441
380,2014-10-06,4.641318414667026
381,2014-10-07,4.591372337557293
382,2014-10-08,4.574683203019681
383,2014-10-09,4.637233755729307
384,2014-10-10,4.620760312752763
385,2014-10-11,4.5761391210568885
386,2014-10-12,4.3872472364518735
387,2014-10-13,4.449999999999999
388,2014-10-14,4.410811539498517
389,2014-10-15,4.619991911566459
390,2014-10-16,4.674939336748449
391,2014-10-17,4.749636020490698
392,2014-10-18,4.58091129684551
393,2014-10-19,4.329954165543273
394,2014-10-20,4.42946885953087
395,2014-10-21,4.468401186303586
396,2014-10-22,4.37361822593691
397,2014-10-23,4.518239417632785
398,2014-10-24,4.5562415745483955
399,2014-10-25,4.604313831221353
400,2014-10-26,4.604691291453221
401,2014-10-27,4.537799946077109
402,2014-10-28,4.702129954165542
403,2014-10-29,4.693178754381234
404,2014-10-30,4.759072526287409
405,2014-10-31,4.884968994338096
406,2014-11-01,4.76360204906983
407,2014-11-02,4.639174979778916
408,2014-11-03,4.835804799137233
409,2014-11-04,4.818873011593421
410,2014-11-05,4.742113777298463
411,2014-11-06,4.808479374494472
412,2014-11-07,4.748571043407926
413,2014-11-08,4.675667295767052
414,2014-11-09,4.5639795093016975
415,2014-11-10,4.607360474521434
416,2014-11-11,4.621245618765165
417,2014-11-12,3.8484362361822586
418,2014-11-13,3.658479374494473
419,2014-11-14,3.7689943380965216
420,2014-11-15,3.658775950390941
421,2014-11-16,3.483499595578323
422,2014-11-17,3.6735643030466427
423,2014-11-18,3.832542464276085
424,2014-11-19,3.8949312483149092
425,2014-11-20,3.8154219466163384
426,2014-11-21,3.7516716095982736
427,2014-11-22,3.4923833917497973
428,2014-11-23,3.377527635481261
429,2014-11-24,3.3796710703693718
430,2014-11-25,3.565192774332704
431,2014-11-26,3.7114181720140196
432,2014-11-27,3.7459423025074146
433,2014-11-28,3.869183068212456
434,2014-11-29,3.8418980857373954
435,2014-11-30,3.554826098678889
436,2014-12-01,3.668967376651388
437,2014-12-02,3.974009166891345
438,2014-12-03,4.1422620652466975
439,2014-12-04,4.321771366945268
440,2014-12-05,4.239134537611216
441,2014-12-06,4.212038285252089
442,2014-12-07,4.074143974117012
443,2014-12-08,4.131073065516311
444,2014-12-09,4.095591803720679
445,2014-12-10,4.101321110811539
446,2014-12-11,4.16005661903478
447,2014-12-12,4.184551091938528
448,2014-12-13,3.8451739013211106
449,2014-12-14,3.8781073065516307
450,2014-12-15,3.970935562146131
451,2014-12-16,3.987098948503639
452,2014-12-17,3.8676193043947147
453,2014-12-18,4.02926664869237
454,2014-12-19,4.103855486654084
455,2014-12-20,4.136236182259369
456,2014-12-21,4.0267727150175245
457,2014-12-22,3.9652332165004043
458,2014-12-23,4.025465084928552
459,2014-12-24,4.454920463736856
460,2014-12-25,4.67716365597196
461,2014-12-26,4.754812617956322
462,2014-12-27,4.796858991641952
463,2014-12-28,4.565017524939336
464,2014-12-29,4.741655432731194
465,2014-12-30,4.974548395794014
466,2014-12-31,5.187638177406309
467,2015-01-01,5.241385818279859
468,2015-01-02,5.253693717983284
469,2015-01-03,5.266877864653545
470,2015-01-04,5.258452413049339
471,2015-01-05,5.290280399029387
472,2015-01-06,5.316918306821245
473,2015-01-07,5.2938258290644375
474,2015-01-08,5.508964680506875
475,2015-01-09,5.049676462658398
476,2015-01-10,4.331234834187112
477,2015-01-11,3.815691561067673
478,2015-01-12,3.9112833647883525
479,2015-01-13,3.885764356969533
480,2015-01-14,3.768266379077918
481,2015-01-15,3.862928012941494
482,2015-01-16,3.7137098948503637
483,2015-01-17,3.51220005392289
484,2015-01-18,3.30436775411162
485,2015-01-19,3.405311404691291
486,2015-01-20,3.7783904017255323
487,2015-01-21,3.64150714478296
488,2015-01-22,3.708344567268805
489,2015-01-23,3.597209490428687
490,2015-01-24,3.7078457805338365
491,2015-01-25,3.4601375033701802
492,2015-01-26,3.3941628471286056
493,2015-01-27,3.6076974925856025
494,2015-01-28,3.4909679158802907
495,2015-01-29,3.384510649770827
496,2015-01-30,3.565799406848207
497,2015-01-31,3.5239013211108117
498,2015-02-01,3.3735373416015095
499,2015-02-02,3.449730385548665
500,2015-02-03,3.5458209760043133
501,2015-02-04,3.684753302777028
502,2015-02-05,3.7669183068212453
503,2015-02-06,3.7610407117821514
504,2015-02-07,3.774022647613912
505,2015-02-08,3.614923159881369
506,2015-02-09,3.7382852520895113
507,2015-02-10,3.666298193583176
508,2015-02-11,3.631383122135346
509,2015-02-12,3.650390940954435
510,2015-02-13,3.7538554866540843
511,2015-02-14,3.861256403343219
512,2015-02-15,3.6862901051496357
513,2015-02-16,3.6770288487462923
514,2015-02-17,3.761876516581288
515,2015-02-18,3.917309247775681
516,2015-02-19,4.1559315179293606
517,2015-02-20,4.310582367214883
518,2015-02-21,4.2251145861418165
519,2015-02-22,4.088527905095712
520,2015-02-23,4.093744944729036
521,2015-02-24,4.1425990833108655
522,2015-02-25,4.385144243731464
523,2015-02-26,4.572755459692639
524,2015-02-27,4.726368293340522
525,2015-02-28,4.626610946346724
526,2015-03-01,4.735872202750067
527,2015-03-02,4.716392558641143
528,2015-03-03,4.85082232407657
529,2015-03-04,4.802682663790779
530,2015-03-05,4.771353464545699
531,2015-03-06,4.705554057697492
532,2015-03-07,4.594499865192774
533,2015-03-08,4.245915341062281
534,2015-03-09,4.420490698301428
535,2015-03-10,4.474009166891345
536,2015-03-11,4.4847667834995955
537,2015-03-12,4.257023456457266
538,2015-03-13,4.436330547317335
539,2015-03-14,4.312253976813157
540,2015-03-15,3.942342949582097
541,2015-03-16,3.9378538689673763
542,2015-03-17,4.205041790239957
543,2015-03-18,4.22716365597196
544,2015-03-19,4.418037206794284
545,2015-03-20,4.347613912105688
546,2015-03-21,4.299528174710164
547,2015-03-22,4.0852520895119975
548,2015-03-23,4.289875977352386
549,2015-03-24,4.253356699919116
550,2015-03-25,4.413170665947694
551,2015-03-26,4.485279050957131
552,2015-03-27,4.564950121326502
553,2015-03-28,4.439889458074952
554,2015-03-29,4.2822863305473176
555,2015-03-30,4.193906713399838
556,2015-03-31,4.310649770827716
557,2015-04-01,4.701011054192504
558,2015-04-02,4.783984901590724
559,2015-04-03,4.747384739822054
560,2015-04-04,4.727177136694526
561,2015-04-05,4.716662173092478
562,2015-04-06,4.781935831760582
563,2015-04-07,4.8963602049069825
564,2015-04-08,4.904152062550552
565,2015-04-09,4.914330008088434
566,2015-04-10,4.974642760851982
567,2015-04-11,4.858209760043138
568,2015-04-12,4.68738204367754
569,2015-04-13,4.748422755459692
570,2015-04-14,4.47938797519547
571,2015-04-15,4.420450256133728
572,2015-04-16,4.0860474521434345
573,2015-04-17,3.674561876516581
574,2015-04-18,3.564289565920733
575,2015-04-19,3.2761526017794553
576,2015-04-20,3.585454300350498
577,2015-04-21,3.48651927743327
578,2015-04-22,3.6260851981666216
579,2015-04-23,3.7280264222162307
580,2015-04-24,3.710865462388784
581,2015-04-25,3.689606362901051
582,2015-04-26,3.595969263952548
583,2015-04-27,3.812429226206524
584,2015-04-28,4.137152871393907
585,2015-04-29,4.210150984092747
586,2015-04-30,4.365502830951739
587,2015-05-01,3.8808438932326768
588,2015-05-02,4.36215961175519
589,2015-05-03,4.177150175249393
590,2015-05-04,4.15997573469938
591,2015-05-05,4.3809787004583445
592,2015-05-06,4.372485845241305
593,2015-05-07,4.435265570234564
594,2015-05-08,4.4578053383661365
595,2015-05-09,4.548004853060124
596,2015-05-10,4.483755729307091
597,2015-05-11,4.417524939336748
598,2015-05-12,4.5146131032623344
599,2015-05-13,4.693664060393637
600,2015-05-14,4.677999460771097
601,2015-05-15,4.783310865462389
602,2015-05-16,4.732946885953086
603,2015-05-17,4.679414936640604
604,2015-05-18,4.647802642221623
605,2015-05-19,4.715219735777837
606,2015-05-20,4.677136694526826
607,2015-05-21,4.934672418441628
608,2015-05-22,5.010393637098948
609,2015-05-23,5.046508492855217
610,2015-05-24,4.784982475060663
611,2015-05-25,4.79365057967107
612,2015-05-26,4.79937988676193
613,2015-05-27,3.7634942032892957
614,2015-05-28,3.781558371528714
615,2015-05-29,4.000444863844701
616,2015-05-30,4.275545969263953
617,2015-05-31,4.290927473712591
618,2015-06-01,4.521151253707199
619,2015-06-02,4.712173092477756
620,2015-06-03,4.509652197357778
621,2015-06-04,4.451846858991641
622,2015-06-05,4.401658128875707
623,2015-06-06,4.480641682394176
624,2015-06-07,4.501927743327042
625,2015-06-08,4.509261256403343
626,2015-06-09,4.506956052844433
627,2015-06-10,4.550795362631436
628,2015-06-11,4.603990293879751
629,2015-06-12,4.676610946346724
630,2015-06-13,4.732569425721218
631,2015-06-14,4.689862496629819
632,2015-06-15,4.574764087355081
633,2015-06-16,4.600889727689403
634,2015-06-17,4.679778916149905
635,2015-06-18,4.738339174979779
636,2015-06-19,4.8884200593151785
637,2015-06-20,4.884861148557562
638,2015-06-21,4.786492315988137
639,2015-06-22,4.768657320032353
640,2015-06-23,5.046184955513615
641,2015-06-24,5.216392558641143
642,2015-06-25,5.4572121865732
643,2015-06-26,5.602723105958479
644,2015-06-27,5.889619843623618
645,2015-06-28,6.690940954435157
646,2015-06-29,6.565368023726071
647,2015-06-30,6.811135076840118
648,2015-07-01,6.927675923429495
649,2015-07-02,7.179455378808304
650,2015-07-03,7.175586411431651
651,2015-07-04,7.38429495820976
652,2015-07-05,7.665044486384469
653,2015-07-06,7.390738743596656
654,2015-07-07,7.546724184416284
655,2015-07-08,7.464842275545968
656,2015-07-09,7.335912644917767
657,2015-07-10,7.730722566729576
658,2015-07-11,7.795322189269344
659,2015-07-12,7.282717713669451
660,2015-07-13,7.150417902399568
661,2015-07-14,6.571434348881099
662,2015-07-15,7.001590725262874
663,2015-07-16,7.206699919115663
664,2015-07-17,7.25316796980318
665,2015-07-18,7.532326772715018
666,2015-07-19,7.14224858452413
667,2015-07-20,7.024386627123213
668,2015-07-21,6.927662442706929
669,2015-07-22,7.071609598274467
670,2015-07-23,6.960932866001617
671,2015-07-24,7.1623753033162565
672,2015-07-25,7.478633054731732
673,2015-07-26,7.142895659207333
674,2015-07-27,6.981410083580479
675,2015-07-28,7.415705041790239
676,2015-07-29,7.182798598004853
677,2015-07-30,7.368306821245619
678,2015-07-31,7.649986519277433
679,2015-08-01,7.535589107576166
680,2015-08-02,7.393906713399838
681,2015-08-03,7.438770558101914
682,2015-08-04,7.19871933135616
683,2015-08-05,7.264410892423833
684,2015-08-06,7.238730115934214
685,2015-08-07,7.245470477217579
686,2015-08-08,7.243407926664869
687,2015-08-09,6.971825289835534
688,2015-08-10,7.006645996225398
689,2015-08-11,7.017133998382312
690,2015-08-12,7.149123753033162
691,2015-08-13,7.096184955513615
692,2015-08-14,7.286370989485036
693,2015-08-15,7.039201941224049
694,2015-08-16,6.823726071717444
695,2015-08-17,6.7209760043138305
696,2015-08-18,6.7264087355082225
697,2015-08-19,6.855971960097061
698,2015-08-20,6.9657454839579405
699,2015-08-21,6.478012941493663
700,2015-08-22,6.4269614451334585
701,2015-08-23,6.033836613642491
702,2015-08-24,5.8597465624157445
703,2015-08-25,6.539201941224048
704,2015-08-26,6.939026691830681
705,2015-08-27,7.195861418172013
706,2015-08-28,7.543084389323267
707,2015-08-29,7.727527635481261
708,2015-08-30,7.6175249393367475
709,2015-08-31,7.596805068751683
710,2015-09-01,7.672822863305472
711,2015-09-02,7.7287543812348325
712,2015-09-03,7.517996764626583
713,2015-09-04,7.63808304125101
714,2015-09-05,7.722081423564302
715,2015-09-06,7.447492585602588
716,2015-09-07,7.692747371259099
717,2015-09-08,7.562307899703423
718,2015-09-09,7.756362901051495
719,2015-09-10,7.71941224049609
720,2015-09-11,7.754435157724454
721,2015-09-12,7.920490698301428
722,2015-09-13,7.811067673227283
723,2015-09-14,7.743097870045834
724,2015-09-15,7.935710434079267
725,2015-09-16,8.009220814235643
726,2015-09-17,8.0074952817471
727,2015-09-18,7.167120517659747
728,2015-09-19,6.393637098948503
729,2015-09-20,5.9947964410892425
730,2015-09-21,6.051132380695605
731,2015-09-22,6.284470207603127
732,2015-09-23,6.236114855756268
733,2015-09-24,6.139579401455918
734,2015-09-25,6.415893771906173
735,2015-09-26,6.616945268266379
736,2015-09-27,6.350768401186303
737,2015-09-28,6.68643839309787
738,2015-09-29,6.6716095982744665
739,2015-09-30,6.769048260986788
740,2015-10-01,6.970544621191696
741,2015-10-02,7.223766513885144
742,2015-10-03,7.00312752763548
743,2015-10-04,6.786411431652736
744,2015-10-05,6.749015907252628
745,2015-10-06,6.791480183337826
746,2015-10-07,7.143596656780804
747,2015-10-08,7.019493124831491
748,2015-10-09,7.250741439741169
749,2015-10-10,7.185966567808033
750,2015-10-11,6.868185494742518
751,2015-10-12,6.977959018603396
752,2015-10-13,7.107266109463467
753,2015-10-14,7.003221892693448
754,2015-10-15,7.324602318684281
755,2015-10-16,7.575438123483418
756,2015-10-17,7.442572121865732
757,2015-10-18,7.37035589107576
758,2015-10-19,7.699609059045565
759,2015-10-20,8.167996764626583
760,2015-10-21,8.376772715017525
761,2015-10-22,8.080102453491506
762,2015-10-23,8.037179832839039
763,2015-10-24,7.8402669183068205
764,2015-10-25,7.818899973038554
765,2015-10-26,7.834591534106226
766,2015-10-27,8.01582636829334
767,2015-10-28,7.654623887840388
768,2015-10-29,7.605864114316526
769,2015-10-30,7.592262065246696
770,2015-10-31,7.3999999999999995
771,2015-11-01,7.133176058236721
772,2015-11-02,7.14567268805608
773,2015-11-03,7.298651927743326
774,2015-11-04,7.803558910757617
775,2015-11-05,8.16743057427878
776,2015-11-06,8.307036937179832
777,2015-11-07,8.20436775411162
778,2015-11-08,8.127689404152063
779,2015-11-09,8.051172822863304
780,2015-11-10,8.133863575087624
781,2015-11-11,8.381841466702614
782,2015-11-12,8.573442976543541
783,2015-11-13,8.484685899164194
784,2015-11-14,8.176139121056888
785,2015-11-15,8.070571582636829
786,2015-11-16,7.866918306821245
787,2015-11-17,7.878201671609597
788,2015-11-18,8.09397411701267
789,2015-11-19,8.179644108924236
790,2015-11-20,8.372822863305473
791,2015-11-21,8.040900512267458
792,2015-11-22,7.151631167430574
793,2015-11-23,6.90312752763548
794,2015-11-24,8.402547856565112
795,2015-11-25,8.42806686438393
796,2015-11-26,8.004596926395253
797,2015-11-27,7.957805338366135
798,2015-11-28,7.785211647344296
799,2015-11-29,7.644998651927742
800,2015-11-30,7.780358587220275
801,2015-12-01,7.9215556753842
802,2015-12-02,8.17444055001348
803,2015-12-03,8.544055001348072
804,2015-12-04,8.680156376381774
805,2015-12-05,8.287705581019143
806,2015-12-06,7.915111889997304
807,2015-12-07,8.245443515772445
808,2015-12-08,8.637031544890807
809,2015-12-09,7.781854947425182
810,2015-12-10,7.375047182528983
811,2015-12-11,7.536883256942572
812,2015-12-12,7.331585332973846
813,2015-12-13,7.195403073604744
814,2015-12-14,7.464761391210568
815,2015-12-15,7.718023726071717
816,2015-12-16,7.922000539228902
817,2015-12-17,8.220517659746562
818,2015-12-18,8.26590725262874
819,2015-12-19,8.195861418172013
820,2015-12-20,8.078255594499865
821,2015-12-21,7.813615529792396
822,2015-12-22,8.366136424912375
823,2015-12-23,8.179994607710974
824,2015-12-24,8.588514424373146
825,2015-12-25,9.039094095443515
826,2015-12-26,8.68297384739822
827,2015-12-27,8.375653815044487
828,2015-12-28,8.537206794284172
829,2015-12-29,8.497681315718522
830,2015-12-30,8.662806686438392
831,2015-12-31,8.978174710164463
832,2016-01-01,9.017673227284982
833,2016-01-02,9.003491507144782
834,2016-01-03,8.798530601240225
835,2016-01-04,8.613318953895929
836,2016-01-05,8.943623618225937
837,2016-01-06,9.014896198436235
838,2016-01-07,9.131477487193314
839,2016-01-08,9.091399299002425
840,2016-01-09,9.120989485036397
841,2016-01-10,9.266513885144242
842,2016-01-11,9.313022377999461
843,2016-01-12,9.600687516850902
844,2016-01-13,9.57311943920194
845,2016-01-14,9.326354812617955
846,2016-01-15,9.508209760043137
847,2016-01-16,9.674454030736046
848,2016-01-17,9.561229441898083
849,2016-01-18,9.684429765435427
850,2016-01-19,9.60943650579671
851,2016-01-20,9.518886492315987
852,2016-01-21,9.528336478835264
853,2016-01-22,9.987988676193043
854,2016-01-23,10.142801294149367
855,2016-01-24,9.96162038285252
856,2016-01-25,10.788447020760312
857,2016-01-26,10.675707737934752
858,2016-01-27,10.422782421137773
859,2016-01-28,10.367039633324346
860,2016-01-29,10.633809652197357
861,2016-01-30,11.085225128066863
862,2016-01-31,11.804408196279319
863,2016-02-01,11.606362901051495
864,2016-02-02,11.702534375842545
865,2016-02-03,11.67357778376921
866,2016-02-04,11.613992990024263
867,2016-02-05,11.547371259099487
868,2016-02-06,11.060932866001616
869,2016-02-07,10.32357778376921
870,2016-02-08,10.477689404152061
871,2016-02-09,10.559315179293609
872,2016-02-10,10.239673766513883
873,2016-02-11,10.647142086815851
874,2016-02-12,10.777365866810461
875,2016-02-13,10.56743057427878
876,2016-02-14,10.729765435427337
877,2016-02-15,10.941695874898894
878,2016-02-16,10.794648153141006
879,2016-02-17,11.112213534645456
880,2016-02-18,9.206699919115664
881,2016-02-19,9.325411162038284
882,2016-02-20,9.200552709625235
883,2016-02-21,8.977891614990563
884,2016-02-22,9.02121865732003
885,2016-02-23,9.299743866271232
886,2016-02-24,9.401941224049608
887,2016-02-25,9.60671339983823
888,2016-02-26,10.160622809382582
889,2016-02-27,10.207427878134267
890,2016-02-28,9.687422485845241
891,2016-02-29,10.05679428417363
892,2016-03-01,10.151509840927472
893,2016-03-02,10.243246157994069
894,2016-03-03,10.26726880560798
895,2016-03-04,10.078525208951199
896,2016-03-05,10.33631706659477
897,2016-03-06,10.11029927204098
898,2016-03-07,9.868535993529253
899,2016-03-08,9.908385009436506
900,2016-03-09,9.742585602588298
901,2016-03-10,10.384092747371259
902,2016-03-11,10.571771366945269
903,2016-03-12,10.444365057967106
904,2016-03-13,10.512537071987058
905,2016-03-14,10.884483688325693
906,2016-03-15,11.193313561606901
907,2016-03-16,11.238541385818278
908,2016-03-17,11.313278511728228
909,2016-03-18,11.393744944729036
910,2016-03-19,11.523941763278511
911,2016-03-20,11.69599622539768
912,2016-03-21,11.55715826368293
913,2016-03-22,11.506268535993527
914,2016-03-23,11.453033162577514
915,2016-03-24,11.989849015907252
916,2016-03-25,11.911552979239687
917,2016-03-26,11.40605284443246
918,2016-03-27,11.488770558101912
919,2016-03-28,10.988959288217847
920,2016-03-29,11.116796980318144
921,2016-03-30,11.060393637098947
922,2016-03-31,11.228970072795901
923,2016-04-01,11.517012671879211
924,2016-04-02,11.309962253976812
925,2016-04-03,10.595901860339714
926,2016-04-04,10.756848207063898
927,2016-04-05,10.885225128066864
928,2016-04-06,11.044823402534375
929,2016-04-07,11.218778646535453
930,2016-04-08,11.59232946885953
931,2016-04-09,11.260231868428146
932,2016-04-10,11.326543542733889
933,2016-04-11,11.547452143434887
934,2016-04-12,11.684011863035858
935,2016-04-13,11.814100835804798
936,2016-04-14,12.291588029118358
937,2016-04-15,12.229050957131301
938,2016-04-16,11.985413858182797
939,2016-04-17,11.637031544890805
940,2016-04-18,11.24830142895659
941,2016-04-19,10.89138581827986
942,2016-04-20,11.326273928282555
943,2016-04-21,11.075330277702884
944,2016-04-22,11.275680776489619
945,2016-04-23,11.26244270692909
946,2016-04-24,11.05651118899973
947,2016-04-25,11.400970612024803
948,2016-04-26,11.289323267727148
949,2016-04-27,11.433432191965487
950,2016-04-28,11.08800215691561
951,2016-04-29,11.119007818819087
952,2016-04-30,10.87790509571313
953,2016-05-01,10.738500943650578
954,2016-05-02,10.81644648153141
955,2016-05-03,10.719021299541653
956,2016-05-04,10.756578592612563
957,2016-05-05,10.719358317605824
958,2016-05-06,10.922917228363438
959,2016-05-07,10.777217578862226
960,2016-05-08,10.129293610137502
961,2016-05-09,10.167376651388514
962,2016-05-10,10.513750337018063
963,2016-05-11,10.455958479374495
964,2016-05-12,10.634847667834995
965,2016-05-13,10.458061472094903
966,2016-05-14,10.529172283634402
967,2016-05-15,10.254259908331084
968,2016-05-16,9.952386087894311
969,2016-05-17,10.00308708546778
970,2016-05-18,9.987665138851442
971,2016-05-19,10.111054192504717
972,2016-05-20,10.385548665408464
973,2016-05-21,10.15601240226476
974,2016-05-22,10.057535723914802
975,2016-05-23,9.964195200862765
976,2016-05-24,9.545079536263142
977,2016-05-25,10.147007279590186
978,2016-05-26,10.337907791857642
979,2016-05-27,10.484119708816392
980,2016-05-28,10.697155567538418
981,2016-05-29,10.316904826098678
982,2016-05-30,10.108735508223239
983,2016-05-31,10.326974925856025
984,2016-06-01,11.013211108115394
985,2016-06-02,10.8787274197897
986,2016-06-03,11.181396602857912
987,2016-06-04,11.002440010784577
988,2016-06-05,10.624966298193582
989,2016-06-06,10.74834187112429
990,2016-06-07,10.775721218657319
991,2016-06-08,10.95140199514694
992,2016-06-09,11.073793475330277
993,2016-06-10,11.287651658128874
994,2016-06-11,11.235535184685897
995,2016-06-12,11.02814774871933
996,2016-06-13,10.941183607441358
997,2016-06-14,11.28960636290105
998,2016-06-15,11.72666486923699
999,2016-06-16,10.63223240765705
1000,2016-06-17,10.163211108115394
1001,2016-06-18,9.954367754111619
1002,2016-06-19,9.977419789700727
1003,2016-06-20,9.855944998651927
1004,2016-06-21,9.537692100296574
1005,2016-06-22,9.31977622000539
1006,2016-06-23,8.90527096252359
1007,2016-06-24,9.077500674036127
1008,2016-06-25,8.848126179563224
1009,2016-06-26,8.503235373416015
1010,2016-06-27,8.519789700727959
1011,2016-06-28,8.597721757886221
1012,2016-06-29,8.950498786734968
1013,2016-06-30,9.178417363170665
1014,2016-07-01,9.6002426530062
1015,2016-07-02,9.422512806686438
1016,2016-07-03,9.172377999460771
1017,2016-07-04,8.88433540037746
1018,2016-07-05,9.198584524130492
1019,2016-07-06,9.281315718522512
1020,2016-07-07,9.089538959288216
1021,2016-07-08,9.382528983553517
1022,2016-07-09,9.19170935562146
1023,2016-07-10,8.879684551091938
1024,2016-07-11,8.588231329199244
1025,2016-07-12,8.890900512267457
1026,2016-07-13,8.570207603127528
1027,2016-07-14,9.112725802102991
1028,2016-07-15,9.082165004044217
1029,2016-07-16,9.09563224588838
1030,2016-07-17,8.99232946885953
1031,2016-07-18,9.310083580479912
1032,2016-07-19,8.925761660825021
1033,2016-07-20,9.172404960905904
1034,2016-07-21,9.317983283904017
1035,2016-07-22,9.337705581019142
1036,2016-07-23,9.36710703693718
1037,2016-07-24,8.86755190078188
1038,2016-07-25,9.115233216500403
1039,2016-07-26,9.163480722566728
1040,2016-07-27,9.039080614720948
1041,2016-07-28,9.288271771366945
1042,2016-07-29,9.402318684281477
1043,2016-07-30,9.689269344836882
1044,2016-07-31,9.200215691561066
1045,2016-08-01,9.181356160690212
1046,2016-08-02,9.117484497169048
1047,2016-08-03,9.232407657050418
1048,2016-08-04,9.292612564033432
1049,2016-08-05,9.653612833647882
1050,2016-08-06,9.379347533027769
1051,2016-08-07,9.651900781881908
1052,2016-08-08,9.360002696144512
1053,2016-08-09,9.292100296575896
1054,2016-08-10,9.053693717983283
1055,2016-08-11,8.942423833917498
1056,2016-08-12,9.21025882987328
1057,2016-08-13,9.592693448368832
1058,2016-08-14,9.543475330277701
1059,2016-08-15,9.241439741170126
1060,2016-08-16,9.423712590994876
1061,2016-08-17,9.642518198975464
1062,2016-08-18,9.771528713939066
1063,2016-08-19,9.256942572121865
1064,2016-08-20,8.87806686438393
1065,2016-08-21,8.740078188190887
1066,2016-08-22,8.982650310056618
1067,2016-08-23,8.754192504718251
1068,2016-08-24,8.966675653815043
1069,2016-08-25,8.870827716365596
1070,2016-08-26,9.154893502291722
1071,2016-08-27,9.297681315718522
1072,2016-08-28,9.307454839579401
1073,2016-08-29,9.190253437584254
1074,2016-08-30,9.044607710973308
1075,2016-08-31,9.04942032892963
1076,2016-09-01,9.123429495820975
1077,2016-09-02,9.116581288757077
1078,2016-09-03,9.165394985171204
1079,2016-09-04,9.204812617956321
1080,2016-09-05,9.226395254785656
1081,2016-09-06,9.30535184685899
1082,2016-09-07,9.260568886492315
1083,2016-09-08,9.384187112429226
1084,2016-09-09,9.840172553248852
1085,2016-09-10,9.530102453491507
1086,2016-09-11,9.451550283095173
1087,2016-09-12,9.20605284443246
1088,2016-09-13,9.305783229981126
1089,2016-09-14,9.73016985710434
1090,2016-09-15,9.847694796441088
1091,2016-09-16,9.457616608250202
1092,2016-09-17,9.579603666756537
1093,2016-09-18,9.453788083041252
1094,2016-09-19,9.420436775411162
1095,2016-09-20,9.674588837961712
1096,2016-09-21,9.986559719600969
1097,2016-09-22,10.001536802372605
1098,2016-09-23,10.516972229711511
1099,2016-09-24,9.772607171744404
1100,2016-09-25,9.386708007549204
1101,2016-09-26,9.474413588568346
1102,2016-09-27,9.632866001617685
1103,2016-09-28,9.434658937719062
1104,2016-09-29,10.138339174979778
1105,2016-09-30,9.990118630358586
1106,2016-10-01,9.97530331625775
1107,2016-10-02,9.876610946346723
1108,2016-10-03,10.141561067673226
1109,2016-10-04,10.199986519277433
1110,2016-10-05,10.273496899433809
1111,2016-10-06,10.344729037476407
1112,2016-10-07,10.431935831760581
1113,2016-10-08,10.131046104071176
1114,2016-10-09,9.710555405769748
1115,2016-10-10,9.95803451064977
1116,2016-10-11,9.580668643839308
1117,2016-10-12,9.673712590994876
1118,2016-10-13,9.485467781073064
1119,2016-10-14,9.802763548126178
1120,2016-10-15,10.185171205176596
1121,2016-10-16,9.998207063898624
1122,2016-10-17,9.644702076031274
1123,2016-10-18,10.126314370450254
1124,2016-10-19,10.104650849285521
1125,2016-10-20,10.129253167969802
1126,2016-10-21,10.099177675923428
1127,2016-10-22,9.820261526017793
1128,2016-10-23,9.614114316527365
1129,2016-10-24,9.856214613103262
1130,2016-10-25,9.728093825829063
1131,2016-10-26,9.819600970612024
1132,2016-10-27,9.971272580210298
1133,2016-10-28,9.8928282555945
1134,2016-10-29,9.811418172014019
1135,2016-10-30,9.40074143974117
1136,2016-10-31,9.257360474521434
1137,2016-11-01,9.54211377729846
1138,2016-11-02,9.781383122135345
1139,2016-11-03,9.766716095982744
1140,2016-11-04,9.847991372337557
1141,2016-11-05,9.799029387975196
1142,2016-11-06,9.571259099487731
1143,2016-11-07,9.661512537071987
1144,2016-11-08,9.911755190078187
1145,2016-11-09,10.074467511458613
1146,2016-11-10,9.672108385009436
1147,2016-11-11,9.936627123213803
1148,2016-11-12,9.840293879751954
1149,2016-11-13,9.618401186303586
1150,2016-11-14,9.708910757616607
1151,2016-11-15,9.688932326772715
1152,2016-11-16,9.262483149096791
1153,2016-11-17,9.638069560528443
1154,2016-11-18,9.615111889997303
1155,2016-11-19,9.520531140469128
1156,2016-11-20,9.341170126718792
1157,2016-11-21,9.50148287948234
1158,2016-11-22,9.584699379886763
1159,2016-11-23,9.31224049609059
1160,2016-11-24,8.745807495281747
1161,2016-11-25,9.246077109733081
1162,2016-11-26,9.184092747371258
1163,2016-11-27,9.012078727419789
1164,2016-11-28,8.698355351846859
1165,2016-11-29,8.537206794284172
1166,2016-11-30,8.743960636290105
1167,2016-12-01,8.191075761660825
1168,2016-12-02,8.239673766513885
1169,2016-12-03,8.306484227554595
1170,2016-12-04,8.232555944998651
1171,2016-12-05,8.40358587220275
1172,2016-12-06,8.648867619304394
1173,2016-12-07,8.323941763278512
1174,2016-12-08,8.515260177945537
1175,2016-12-09,8.708519816662173
1176,2016-12-10,8.82938797519547
1177,2016-12-11,8.770598544081961
1178,2016-12-12,8.266985710434078
1179,2016-12-13,8.445456996495011
1180,2016-12-14,8.358654623887839
1181,2016-12-15,8.66504448638447
1182,2016-12-16,8.563143704502561
1183,2016-12-17,8.573469937988676
1184,2016-12-18,8.136586681046102
1185,2016-12-19,8.392329468859531
1186,2016-12-20,8.58862227015368
1187,2016-12-21,8.70799406848207
1188,2016-12-22,8.760717174440549
1189,2016-12-23,8.69369102183877
1190,2016-12-24,8.724750606632515
1191,2016-12-25,9.002251280668643
1192,2016-12-26,9.107279590186034
1193,2016-12-27,9.094001078457804
1194,2016-12-28,9.403963332434618
1195,2016-12-29,9.376300889727688
1196,2016-12-30,9.418994338096521
1197,2016-12-31,9.27011323806956
1198,2017-01-01,9.26911566459962
1199,2017-01-02,9.51248314909679
1200,2017-01-03,9.23305473173362
1201,2017-01-04,9.406726880560798
1202,2017-01-05,8.962146131032622
1203,2017-01-06,9.453060124022645
1204,2017-01-07,9.499110272310595
1205,2017-01-08,9.544580749528174
1206,2017-01-09,9.465179293610136
1207,2017-01-10,9.43091129684551
1208,2017-01-11,9.324548395794015
1209,2017-01-12,9.424858452413048
1210,2017-01-13,9.688945807495282
1211,2017-01-14,9.780008088433538
1212,2017-01-15,9.574332704232946
1213,2017-01-16,9.702156915610676
1214,2017-01-17,9.698665408465892
1215,2017-01-18,9.832057158263682
1216,2017-01-19,10.064909679158802
1217,2017-01-20,10.1574952817471
1218,2017-01-21,10.264168239417632
1219,2017-01-22,9.671393906713398
1220,2017-01-23,9.561593421407386
1221,2017-01-24,9.576961445133458
1222,2017-01-25,9.397344297654353
1223,2017-01-26,9.838770558101913
1224,2017-01-27,9.994729037476407
1225,2017-01-28,10.142963062820165
1226,2017-01-29,9.733459153410623
1227,2017-01-30,9.55128066864384
1228,2017-01-31,9.879617147479104
1229,2017-02-01,10.114262604475599
1230,2017-02-02,10.3143030466433
1231,2017-02-03,10.451267187921271
1232,2017-02-04,10.791116203828524
1233,2017-02-05,10.491399299002424
1234,2017-02-06,10.43239417632785
1235,2017-02-07,10.146939875977353
1236,2017-02-08,10.708748988945807
1237,2017-02-09,10.408223240765704
1238,2017-02-10,10.581666217309246
1239,2017-02-11,10.53037206794284
1240,2017-02-12,10.322189269344836
1241,2017-02-13,10.293947155567539
1242,2017-02-14,10.669102183877055
1243,2017-02-15,10.455527096252359
1244,2017-02-16,10.613669452682663
1245,2017-02-17,10.950310056619033
1246,2017-02-18,10.57971151253707
1247,2017-02-19,10.072418441628471
1248,2017-02-20,10.480897816122942
1249,2017-02-21,10.378296036667564
1250,2017-02-22,9.973564303046643
1251,2017-02-23,10.55300620113238
1252,2017-02-24,10.88177406308978
1253,2017-02-25,10.77678619574009
1254,2017-02-26,10.841075761660825
1255,2017-02-27,10.894095443515772
1256,2017-02-28,11.027473712590995
1257,2017-03-01,11.661552979239685
1258,2017-03-02,11.649770827716363
1259,2017-03-03,12.200808843354004
1260,2017-03-04,12.193637098948502
1261,2017-03-05,11.681720140199513
1262,2017-03-06,11.859409544351577
1263,2017-03-07,11.51775411162038
1264,2017-03-08,11.321784847667834
1265,2017-03-09,11.188851442437315
1266,2017-03-10,11.460461040711781
1267,2017-03-11,11.040212995416553
1268,2017-03-12,11.326570504179024
1269,2017-03-13,11.099730385548664
1270,2017-03-14,12.05358587220275
1271,2017-03-15,12.424130493394443
1272,2017-03-16,11.31999191156646
1273,2017-03-17,10.1786465354543
1274,2017-03-18,10.046306282016715
1275,2017-03-19,9.448961984362361
1276,2017-03-20,8.955297923968724
1277,2017-03-21,9.269466163386356
1278,2017-03-22,9.643556214613103
1279,2017-03-23,9.584928552170396
1280,2017-03-24,9.710191426260447
1281,2017-03-25,8.908223240765704
1282,2017-03-26,9.208870315448907
1283,2017-03-27,9.472472364518737
1284,2017-03-28,9.497465624157455
1285,2017-03-29,9.57712321380426
1286,2017-03-30,9.34096791588029
1287,2017-03-31,9.273227284982475
1288,2017-04-01,9.11685090320841
1289,2017-04-02,8.928902669183067
1290,2017-04-03,8.829239687247235
1291,2017-04-04,9.170989485036397
1292,2017-04-05,8.929954165543272
1293,2017-04-06,9.460029657589645
1294,2017-04-07,9.168293340523052
1295,2017-04-08,9.24681854947425
1296,2017-04-09,9.060690212995414
1297,2017-04-10,8.874373146400647
1298,2017-04-11,9.35787274197897
1299,2017-04-12,9.609449986519277
1300,2017-04-13,9.480520355891075
1301,2017-04-14,9.38379617147479
1302,2017-04-15,9.34513345915341
1303,2017-04-16,9.317444055001348
1304,2017-04-17,9.304340792666487
1305,2017-04-18,9.185683472634132
1306,2017-04-19,9.15222431922351
1307,2017-04-20,9.477743327042328
1308,2017-04-21,9.560204906983014
1309,2017-04-22,9.438069560528444
1310,2017-04-23,9.304152062550552
1311,2017-04-24,9.303558910757616
1312,2017-04-25,9.245106497708276
1313,2017-04-26,9.096427608519816
1314,2017-04-27,9.583823132919923
1315,2017-04-28,9.821582636829334
1316,2017-04-29,10.104111620382852
1317,2017-04-30,9.974844971690482
1318,2017-05-01,9.875775141547587
1319,2017-05-02,9.805217039633323
1320,2017-05-03,10.1145861418172
1321,2017-05-04,9.94439201941224
1322,2017-05-05,10.296346724184415
1323,2017-05-06,10.141372337557293
1324,2017-05-07,9.951819897546507
1325,2017-05-08,10.05358587220275
1326,2017-05-09,10.122944189808573
1327,2017-05-10,10.358452413049339
1328,2017-05-11,10.55889727689404
1329,2017-05-12,10.685103801563763
1330,2017-05-13,10.678511728228631
1331,2017-05-14,10.559706120248045
1332,2017-05-15,10.310029657589645
1333,2017-05-16,10.186829334052304
1334,2017-05-17,10.68738204367754
1335,2017-05-18,10.663709894850363
1336,2017-05-19,10.822741978970072
1337,2017-05-20,10.615138851442437
1338,2017-05-21,10.554003774602316
1339,2017-05-22,9.98491507144783
1340,2017-05-23,10.708708546778105
1341,2017-05-24,8.562590994877324
1342,2017-05-25,8.965718522512805
1343,2017-05-26,9.135373416015097
1344,2017-05-27,9.593340523052035
1345,2017-05-28,9.795847937449446
1346,2017-05-29,9.832879482340253
1347,2017-05-30,10.10889727689404
1348,2017-05-31,10.586209220814235
1349,2017-06-01,10.52710973308169
1350,2017-06-02,10.416864383930978
1351,2017-06-03,10.752938797519546
1352,2017-06-04,10.354529522782421
1353,2017-06-05,10.803572391480182
1354,2017-06-06,10.454772175788621
1355,2017-06-07,10.663858182798597
1356,2017-06-08,10.744931248314908
1357,2017-06-09,10.658546778107304
1358,2017-06-10,9.948207063898623
1359,2017-06-11,9.496993798867617
1360,2017-06-12,9.569061741709355
1361,2017-06-13,10.18012941493664
1362,2017-06-14,10.409328660016175
1363,2017-06-15,10.377878134267997
1364,2017-06-16,10.03243461849555
1365,2017-06-17,10.304057697492585
1366,2017-06-18,10.13523860878943
1367,2017-06-19,10.029913723375572
1368,2017-06-20,9.935643030466432
1369,2017-06-21,10.07822863305473
1370,2017-06-22,10.058681585332973
1371,2017-06-23,10.09669722297115
1372,2017-06-24,10.299204637368563
1373,2017-06-25,9.906726880560797
1374,2017-06-26,9.647667834995955
1375,2017-06-27,9.989511997843085
1376,2017-06-28,10.039390671339982
1377,2017-06-29,9.906861687786463
1378,2017-06-30,10.271528713939066
1379,2017-07-01,10.142518198975463
1380,2017-07-02,10.01334591534106
1381,2017-07-03,9.969466163386356
1382,2017-07-04,10.006902129954165
1383,2017-07-05,9.37057158263683
1384,2017-07-06,9.83132919924508
1385,2017-07-07,9.85378808304125
1386,2017-07-08,10.124804529522782
1387,2017-07-09,9.9500808843354
1388,2017-07-10,9.560029657589647
1389,2017-07-11,9.933890536532756
1390,2017-07-12,10.089862496629818
1391,2017-07-13,10.10164464815314
1392,2017-07-14,10.396117551900781
1393,2017-07-15,10.407899703424102
1394,2017-07-16,9.903801563763817
1395,2017-07-17,10.227514154758694
1396,2017-07-18,10.129819358317604
1397,2017-07-19,10.009153410622808
1398,2017-07-20,9.69443246157994
1399,2017-07-21,10.246023186842812
1400,2017-07-22,10.481814505257482
1401,2017-07-23,9.83153141008358
1402,2017-07-24,9.80486654084659
1403,2017-07-25,10.360973308169317
1404,2017-07-26,10.389754650849284
1405,2017-07-27,10.696791588029118
1406,2017-07-28,10.837530331625775
1407,2017-07-29,10.864181720140198
1408,2017-07-30,10.94187112429226
1409,2017-07-31,10.903464545699649
1410,2017-08-01,10.965624157454839
1411,2017-08-02,10.793664060393636
1412,2017-08-03,10.960595847937448
1413,2017-08-04,10.894904286869775
1414,2017-08-05,11.210056619034779
1415,2017-08-06,11.490199514693986
1416,2017-08-07,11.162294418980856
1417,2017-08-08,11.505985440819627
1418,2017-08-09,11.143677541116203
1419,2017-08-10,11.233742248584523
1420,2017-08-11,11.32971151253707
1421,2017-08-12,11.168104610407118
1422,2017-08-13,11.14904286869776
1423,2017-08-14,11.257225667295767
1424,2017-08-15,11.331464006470746
1425,2017-08-16,11.592585602588297
1426,2017-08-17,11.806780803451064
1427,2017-08-18,11.849528174710164
1428,2017-08-19,11.728929630628201
1429,2017-08-20,12.151509840927472
1430,2017-08-21,11.498112698840655
1431,2017-08-22,11.553343219196549
1432,2017-08-23,11.499272040981396
1433,2017-08-24,11.645281747101643
1434,2017-08-25,11.617956322458884
1435,2017-08-26,11.790455648422753
1436,2017-08-27,11.584631976273927
1437,2017-08-28,11.354933944459422
1438,2017-08-29,11.403909409544351
1439,2017-08-30,11.435171205176596
1440,2017-08-31,11.675829064437854
1441,2017-09-01,12.109867888918844
1442,2017-09-02,12.135332973847396
1443,2017-09-03,11.840550013480721
1444,2017-09-04,11.565098409274736
1445,2017-09-05,11.519520086276623
1446,2017-09-06,11.452857913184145
1447,2017-09-07,11.450606632515502
1448,2017-09-08,11.489700727959018
1449,2017-09-09,11.561364249123752
1450,2017-09-10,11.44719600970612
1451,2017-09-11,11.576840118630358
1452,2017-09-12,11.900512267457534
1453,2017-09-13,11.605028309517389
1454,2017-09-14,11.837907791857642
1455,2017-09-15,11.199770827716364
1456,2017-09-16,10.759665678080344
1457,2017-09-17,10.157171744405499
1458,2017-09-18,10.407913184146668
1459,2017-09-19,11.331827985980048
1460,2017-09-20,11.090091668913454
1461,2017-09-21,10.80358587220275
1462,2017-09-22,10.776557023456457
1463,2017-09-23,9.990415206255054
1464,2017-09-24,9.694324615799406
1465,2017-09-25,10.228363440280399
1466,2017-09-26,10.421865732003235
1467,2017-09-27,10.170585063359395
1468,2017-09-28,9.73375572930709
1469,2017-09-29,10.183391749797789
1470,2017-09-30,9.83816392558641
1471,2017-10-01,10.01083850094365
1472,2017-10-02,9.84463467241844
1473,2017-10-03,9.709490428686976
1474,2017-10-04,9.726934483688325
1475,2017-10-05,9.56598813696414
1476,2017-10-06,9.756780803451065
1477,2017-10-07,9.72303855486654
1478,2017-10-08,9.391399299002426
1479,2017-10-09,9.249474251819896
1480,2017-10-10,9.685009436505796
1481,2017-10-11,9.464046912914531
1482,2017-10-12,9.98099218118091
1483,2017-10-13,10.184658937719062
1484,2017-10-14,10.16648692369911
1485,2017-10-15,9.707791857643569
1486,2017-10-16,10.130924777568076
1487,2017-10-17,10.066662173092476
1488,2017-10-18,10.18850094365058
1489,2017-10-19,10.141520625505526
1490,2017-10-20,10.01895389592882
1491,2017-10-21,10.114222162307899
1492,2017-10-22,9.720072795901858
1493,2017-10-23,9.671703963332433
1494,2017-10-24,10.304340792666485
1495,2017-10-25,9.893084389323267
1496,2017-10-26,10.005257481801024
1497,2017-10-27,9.743057427878133
1498,2017-10-28,9.881248314909678
1499,2017-10-29,9.480520355891075
1500,2017-10-30,9.415057967107035
1501,2017-10-31,9.781464006470747
1502,2017-11-01,9.590644378538688
1503,2017-11-02,9.584241035319492
1504,2017-11-03,9.727959018603396
1505,2017-11-04,9.396629819358317
1506,2017-11-05,9.319061741709355
1507,2017-11-06,9.206619034780264
1508,2017-11-07,9.53779994607711
1509,2017-11-08,9.988231329199245
1510,2017-11-09,9.842356430304664
1511,2017-11-10,9.860595847937448
1512,2017-11-11,9.734618495551361
1513,2017-11-12,9.662483149096792
1514,2017-11-13,9.436249662981934
1515,2017-11-14,9.533337826907522
1516,2017-11-15,9.359679158802912
1517,2017-11-16,9.459045564842276
1518,2017-11-17,9.614181720140198
1519,2017-11-18,9.262590994877325
1520,2017-11-19,8.948045295227823
1521,2017-11-20,9.051415475869506
1522,2017-11-21,9.626934483688325
1523,2017-11-22,9.505998921542194
1524,2017-11-23,9.00304664330008
1525,2017-11-24,9.326422216230789
1526,2017-11-25,9.5646670261526
1527,2017-11-26,9.200188730115933
1528,2017-11-27,8.962914532218926
1529,2017-11-28,9.420881639255864
1530,2017-11-29,9.46652736586681
1531,2017-11-30,9.396562415745484
1532,2017-12-01,9.793461849555136
1533,2017-12-02,9.772674575357238
1534,2017-12-03,9.54356969533567
1535,2017-12-04,9.636209220814234
1536,2017-12-05,9.987503370180642
1537,2017-12-06,9.742895659207331
1538,2017-12-07,10.393596656780803
1539,2017-12-08,10.246346724184415
1540,2017-12-09,10.062159611755188
1541,2017-12-10,10.028781342679967
1542,2017-12-11,10.091614990563494
1543,2017-12-12,9.970301968185494
1544,2017-12-13,10.11854947425182
1545,2017-12-14,9.98874359665678
1546,2017-12-15,10.35539228902669
1547,2017-12-16,10.270760312752763
1548,2017-12-17,10.338891884605014
1549,2017-12-18,10.337355082232408
1550,2017-12-19,10.093273119439202
1551,2017-12-20,10.169547047721757
1552,2017-12-21,9.857926664869236
1553,2017-12-22,10.52674575357239
1554,2017-12-23,10.469129145322189
1555,2017-12-24,10.803221892693449
1556,2017-12-25,10.805122674575356
1557,2017-12-26,10.809975734699378
1558,2017-12-27,10.593664060393635
1559,2017-12-28,10.489336748449716
1560,2017-12-29,11.192504718252897
1561,2017-12-30,11.213426799676462
1562,2017-12-31,10.816904826098678
1563,2018-01-01,11.395079536263143
1564,2018-01-02,11.340253437584254
1565,2018-01-03,11.33722027500674
1566,2018-01-04,11.302386087894309
1567,2018-01-05,11.299015907252627
1568,2018-01-06,11.094445942302507
1569,2018-01-07,10.745753572391479
1570,2018-01-08,10.997384739822053
1571,2018-01-09,11.174750606632514
1572,2018-01-10,11.452857913184145
1573,2018-01-11,11.44611755190078
1574,2018-01-12,10.905877595039094
1575,2018-01-13,11.34867888918846
1576,2018-01-14,10.63198975465085
1577,2018-01-15,10.980574278781342
1578,2018-01-16,10.625208951199783
1579,2018-01-17,10.524750606632514
1580,2018-01-18,10.96697222971151
1581,2018-01-19,10.538945807495281
1582,2018-01-20,10.642828255594498
1583,2018-01-21,10.165529792396871
1584,2018-01-22,10.57003235373416
1585,2018-01-23,10.079536263143703
1586,2018-01-24,10.223254246427608
1587,2018-01-25,10.257468320301967
1588,2018-01-26,10.841372337557292
1589,2018-01-27,10.79747910488002
1590,2018-01-28,10.402291722836344
1591,2018-01-29,10.379563224588837
1592,2018-01-30,10.517565381504447
1593,2018-01-31,10.783850094365057
1594,2018-02-01,10.576961445133458
1595,2018-02-02,10.891224049609058
1596,2018-02-03,11.085562146131032
1597,2018-02-04,11.54191156645996
1598,2018-02-05,11.562590994877324
1599,2018-02-06,11.257077379347532
1600,2018-02-07,11.575195470477217
1601,2018-02-08,11.49439201941224
1602,2018-02-09,11.297775680776487
1603,2018-02-10,11.395982744675115
1604,2018-02-11,11.294499865192774
1605,2018-02-12,10.832542464276084
1606,2018-02-13,11.89685899164195
1607,2018-02-14,11.4718387705581
1608,2018-02-15,11.670099757346993
1609,2018-02-16,10.725748180102451
1610,2018-02-17,10.434726341331894
1611,2018-02-18,10.175478565651119
1612,2018-02-19,10.635009436505795
1613,2018-02-20,10.214761391210567
1614,2018-02-21,10.24785656511189
1615,2018-02-22,10.144863844702076
1616,2018-02-23,10.415031005661902
1617,2018-02-24,10.192774332704232
1618,2018-02-25,9.774831490967914
1619,2018-02-26,10.013035858722027
1620,2018-02-27,10.08317605823672
1621,2018-02-28,9.980614720949042
1622,2018-03-01,9.8574143974117
1623,2018-03-02,10.076381774063089
1624,2018-03-03,10.128794823402535
1625,2018-03-04,9.957737934753302
1626,2018-03-05,9.69224858452413
1627,2018-03-06,9.842221623078997
1628,2018-03-07,10.176921002965758
1629,2018-03-08,9.661526017794554
1630,2018-03-09,9.843380965219735
1631,2018-03-10,9.783486114855755
1632,2018-03-11,10.313413318953895
1633,2018-03-12,9.744014559180371
1634,2018-03-13,9.976570504179023
1635,2018-03-14,10.292221623078996
1636,2018-03-15,10.544877325424643
1637,2018-03-16,10.663494203289297
1638,2018-03-17,10.54369102183877
1639,2018-03-18,10.268077648961984
1640,2018-03-19,10.486815853329738
1641,2018-03-20,10.086074413588566
1642,2018-03-21,10.515233216500404
1643,2018-03-22,10.157805338366135
1644,2018-03-23,10.587961714747909
1645,2018-03-24,10.444203289296304
1646,2018-03-25,10.067646265839848
1647,2018-03-26,10.190576974925856
1648,2018-03-27,10.41376381774063
1649,2018-03-28,10.51211916958749
1650,2018-03-29,10.28255594499865
1651,2018-03-30,10.331261795632246
1652,2018-03-31,10.458479374494472
1653,2018-04-01,10.609787004583444
1654,2018-04-02,10.370652466972228
1655,2018-04-03,10.516244270692908
1656,2018-04-04,10.118333782690751
1657,2018-04-05,10.701240226476138
1658,2018-04-06,10.911323806956052
1659,2018-04-07,10.7786060932866
1660,2018-04-08,10.962806686438393
1661,2018-04-09,10.691803720679427
1662,2018-04-10,10.639970342410352
1663,2018-04-11,10.760393637098948
1664,2018-04-12,11.007818819088701
1665,2018-04-13,11.514990563494202
1666,2018-04-14,11.130695605284442
1667,2018-04-15,11.143664060393636
1668,2018-04-16,10.988190887031545
1669,2018-04-17,11.631180911296845
1670,2018-04-18,11.689363709894849
1671,2018-04-19,11.736303585872202
1672,2018-04-20,11.643232677271502
1673,2018-04-21,11.372054462119168
1674,2018-04-22,11.297964410892423
1675,2018-04-23,11.566217309247774
1676,2018-04-24,11.462388784038824
1677,2018-04-25,11.579940684820706
1678,2018-04-26,11.704826098678888
1679,2018-04-27,12.08515772445403
1680,2018-04-28,12.280506875168507
1681,2018-04-29,11.752440010784577
1682,2018-04-30,11.750930169857103
1683,2018-05-01,11.601321110811538
1684,2018-05-02,11.325734699379886
1685,2018-05-03,11.353653275815583
1686,2018-05-04,11.953289296306282
1687,2018-05-05,12.110959827446749
1688,2018-05-06,11.802790509571311
1689,2018-05-07,11.213359396063629
1690,2018-05-08,11.114491776759232
1691,2018-05-09,11.209733081693178
1692,2018-05-10,11.444607710973306
1693,2018-05-11,11.729145322189268
1694,2018-05-12,11.720045834456727
1695,2018-05-13,11.613588568347263
1696,2018-05-14,11.551819897546507
1697,2018-05-15,11.60671339983823
1698,2018-05-16,11.671380425990833
1699,2018-05-17,11.422472364518736
1700,2018-05-18,11.428228633054731
1701,2018-05-19,11.713871663521163
1702,2018-05-20,11.563467241844162
1703,2018-05-21,11.366244270692908
1704,2018-05-22,11.196414127797249
1705,2018-05-23,11.69773523860879
1706,2018-05-24,11.91038015637638
1707,2018-05-25,12.041197088163925
1708,2018-05-26,12.244580749528174
1709,2018-05-27,11.69010514963602
1710,2018-05-28,11.861350768401186
1711,2018-05-29,11.851658128875705
1712,2018-05-30,11.79567268805608
1713,2018-05-31,12.636546238878402
1714,2018-06-01,12.353747640873548
1715,2018-06-02,12.443515772445402
1716,2018-06-03,12.918738204367752
1717,2018-06-04,13.185818279859799
1718,2018-06-05,13.1716770018873
1719,2018-06-06,13.756983014289565
1720,2018-06-07,13.329738473982204
1721,2018-06-08,13.335616069021299
1722,2018-06-09,12.63940415206255
1723,2018-06-10,12.441601509840927
1724,2018-06-11,12.143030466433
1725,2018-06-12,12.697101644648152
1726,2018-06-13,12.543515772445401
1727,2018-06-14,12.4645456996495
1728,2018-06-15,12.799865192774332
1729,2018-06-16,12.083755729307091
1730,2018-06-17,11.821083850094364
1731,2018-06-18,11.094675114586142
1732,2018-06-19,11.684753302777027
1733,2018-06-20,11.877595039094095
1734,2018-06-21,11.692976543542732
1735,2018-06-22,11.125438123483418
1736,2018-06-23,10.98321650040442
1737,2018-06-24,10.90473173362092
1738,2018-06-25,10.63540037746023
1739,2018-06-26,11.226516581288756
1740,2018-06-27,10.95510919385279
1741,2018-06-28,10.500026961445133
1742,2018-06-29,11.25242653006201
1743,2018-06-30,12.016271232138042
1744,2018-07-01,11.464693987597734
1745,2018-07-02,11.350889727689403
1746,2018-07-03,11.426597465624157
1747,2018-07-04,11.888662712321379
1748,2018-07-05,11.648126179563224
1749,2018-07-06,12.22101644648153
1750,2018-07-07,11.779671070369371
1751,2018-07-08,11.605985440819627
1752,2018-07-09,11.341844162847128
1753,2018-07-10,11.394796441089241
1754,2018-07-11,11.392262065246696
1755,2018-07-12,11.168077648961983
1756,2018-07-13,11.680520355891074
1757,2018-07-14,11.515516311674304
1758,2018-07-15,11.333283904017254
1759,2018-07-16,11.137584254516042
1760,2018-07-17,10.791116203828524
1761,2018-07-18,10.922539768131571
1762,2018-07-19,10.940037746023187
1763,2018-07-20,11.39006470746832
1764,2018-07-21,11.162038285252088
1765,2018-07-22,10.991749797789161
1766,2018-07-23,11.191480183337825
1767,2018-07-24,11.375586411431652
1768,2018-07-25,11.50643030466433
1769,2018-07-26,11.752278242113777
1770,2018-07-27,11.830830412510108
1771,2018-07-28,11.96153949851712
1772,2018-07-29,12.170180641682393
1773,2018-07-30,11.865071447829601
1774,2018-07-31,11.964303046643298
1775,2018-08-01,12.147829603666755
1776,2018-08-02,12.408964680506873
1777,2018-08-03,11.17241844162847
1778,2018-08-04,10.916217309247774
1779,2018-08-05,10.637166352116473
1780,2018-08-06,10.343421407387435
1781,2018-08-07,10.090145591803719
1782,2018-08-08,10.29356969533567
1783,2018-08-09,10.114141277972498
1784,2018-08-10,9.668387705581019
1785,2018-08-11,9.838015637638176
1786,2018-08-12,9.660245349150713
1787,2018-08-13,9.764437853868968
1788,2018-08-14,9.31610946346724
1789,2018-08-15,9.538379617147479
1790,2018-08-16,9.146885953087084
1791,2018-08-17,9.58131571852251
1792,2018-08-18,9.995039094095443
1793,2018-08-19,9.608735508223239
1794,2018-08-20,9.696710703693718
1795,2018-08-21,9.617160959827446
1796,2018-08-22,9.867093556214613
1797,2018-08-23,10.413035858722026
1798,2018-08-24,10.54352925316797
1799,2018-08-25,10.013831221353463
1800,2018-08-26,10.559746562415745
1801,2018-08-27,10.203019681854947
1802,2018-08-28,10.184308438932325
1803,2018-08-29,10.309463467241843
1804,2018-08-30,9.915529792396871
1805,2018-08-31,10.336654084658937
1806,2018-09-01,10.650471825289834
1807,2018-09-02,10.72039633324346
1808,2018-09-03,10.38399838231329
1809,2018-09-04,10.724777568077647
1810,2018-09-05,10.38399838231329
1811,2018-09-06,10.492639525478566
1812,2018-09-07,10.220571582636829
1813,2018-09-08,10.438352655702344
1814,2018-09-09,10.026422216230788
1815,2018-09-10,10.271178215152332
1816,2018-09-11,9.980776489619844
1817,2018-09-12,10.352965758964679
1818,2018-09-13,10.179657589646803
1819,2018-09-14,10.68021029927204
1820,2018-09-15,10.53824480992181
1821,2018-09-16,10.303033162577513
1822,2018-09-17,10.785373416015098
1823,2018-09-18,10.562766244270692
1824,2018-09-19,10.562510110541925
1825,2018-09-20,11.03061472094904
1826,2018-09-21,10.913008897276894
1827,2018-09-22,10.616109463467241
1828,2018-09-23,10.652642221623077
1829,2018-09-24,10.50082232407657
1830,2018-09-25,10.374615799406849
1831,2018-09-26,10.732502022108383
1832,2018-09-27,10.913588568347263
1833,2018-09-28,11.201159342140738
1834,2018-09-29,10.925613372876786
1835,2018-09-30,11.11693178754381
1836,2018-10-01,11.539201941224048
1837,2018-10-02,11.357805338366136
1838,2018-10-03,11.321218657320031
1839,2018-10-04,11.215880291183607
1840,2018-10-05,11.167147479104878
1841,2018-10-06,11.66178215152332
1842,2018-10-07,11.50403073604745
1843,2018-10-08,11.135332973847397
1844,2018-10-09,11.502777028848744
1845,2018-10-10,11.453275815583714
1846,2018-10-11,11.871124292262065
1847,2018-10-12,12.34826098678889
1848,2018-10-13,12.501118899973036
1849,2018-10-14,12.004812617956322
1850,2018-10-15,11.77600431383122
1851,2018-10-16,12.219196548935022
1852,2018-10-17,12.301698571043406
1853,2018-10-18,12.61496360204907
1854,2018-10-19,12.28832569425721
1855,2018-10-20,12.37830951739013
1856,2018-10-21,11.924844971690481
1857,2018-10-22,11.982380695605283
1858,2018-10-23,11.418306821245618
1859,2018-10-24,11.86644648153141
1860,2018-10-25,11.870113238069559
1861,2018-10-26,12.281046104071178
1862,2018-10-27,11.810097061202478
1863,2018-10-28,11.811242922620652
1864,2018-10-29,11.170733351307629
1865,2018-10-30,11.142086815853329
1866,2018-10-31,11.770436775411161
1867,2018-11-01,11.921110811539497
1868,2018-11-02,11.488258290644376
1869,2018-11-03,11.90074143974117
1870,2018-11-04,11.437045025613372
1871,2018-11-05,11.584227554596925
1872,2018-11-06,11.48846050148288
1873,2018-11-07,11.507239148018332
1874,2018-11-08,11.73095173901321
1875,2018-11-09,12.155176597465625
1876,2018-11-10,12.08734160150984
1877,2018-11-11,11.78746292801294
1878,2018-11-12,12.426489619843624
1879,2018-11-13,12.78936370989485
1880,2018-11-14,11.98932326772715
1881,2018-11-15,12.455109193852788
1882,2018-11-16,12.631464006470745
1883,2018-11-17,12.815651118899972
1884,2018-11-18,12.486114855756268
1885,2018-11-19,11.91079805877595
1886,2018-11-20,11.853585872202748
1887,2018-11-21,12.434348881100025
1888,2018-11-22,11.948234025343758
1889,2018-11-23,12.220706389862496
1890,2018-11-24,12.064599622539767
1891,2018-11-25,11.65440819627932
1892,2018-11-26,11.505028309517389
1893,2018-11-27,11.81973577783769
1894,2018-11-28,12.036182259369102
1895,2018-11-29,11.533593960636289
1896,2018-11-30,12.103424103531948
1897,2018-12-01,12.334551091938527
1898,2018-12-02,12.433068212456186
1899,2018-12-03,12.105136155297922
1900,2018-12-04,12.481207872741978
1901,2018-12-05,12.724211377729844
1902,2018-12-06,13.295632245888378
1903,2018-12-07,11.385669991911566
1904,2018-12-08,10.637894311135076
1905,2018-12-09,10.416999191156645
1906,2018-12-10,10.559449986519276
1907,2018-12-11,10.804569964950119
1908,2018-12-12,10.637570773793474
1909,2018-12-13,11.012469668374223
1910,2018-12-14,10.947910488002156
1911,2018-12-15,11.141102723105957
1912,2018-12-16,10.805688864923159
1913,2018-12-17,10.495807495281746
1914,2018-12-18,10.837409005122673
1915,2018-12-19,10.594917767592342
1916,2018-12-20,10.89892154219466
1917,2018-12-21,10.534968994338096
1918,2018-12-22,10.822863305473172
1919,2018-12-23,10.662348341871123
1920,2018-12-24,10.543421407387434
1921,2018-12-25,10.791534106228092
1922,2018-12-26,11.171232138042598
1923,2018-12-27,11.021892693448368
1924,2018-12-28,11.516311674305742
1925,2018-12-29,11.78964680506875
1926,2018-12-30,11.118387705581018
1927,2018-12-31,11.155217039633325
1928,2019-01-01,11.228929630628201
1929,2019-01-02,10.90412510110542
1930,2019-01-03,11.246481531410083
1931,2019-01-04,11.667066594769478
1932,2019-01-05,11.573550822324075
1933,2019-01-06,11.597290374764087
1934,2019-01-07,11.345699649501212
1935,2019-01-08,11.69978430843893
1936,2019-01-09,12.005217039633324
1937,2019-01-10,11.777136694526826
1938,2019-01-11,12.003693717983282
1939,2019-01-12,12.676772715017524
1940,2019-01-13,12.027055810191426
1941,2019-01-14,12.470504179023994
1942,2019-01-15,12.412132650310054
1943,2019-01-16,13.062928012941493
1944,2019-01-17,13.07802642221623
1945,2019-01-18,12.735103801563763
1946,2019-01-19,13.17692100296576
1947,2019-01-20,12.36933135616069
1948,2019-01-21,11.971164734429763
1949,2019-01-22,12.419344836883257
1950,2019-01-23,12.491264491776757
1951,2019-01-24,12.80382852520895
1952,2019-01-25,13.066325155028307
1953,2019-01-26,12.924696683742248
1954,2019-01-27,12.958101914262603
1955,2019-01-28,12.772135346454569
1956,2019-01-29,13.196333243461849
1957,2019-01-30,13.571744405500134
1958,2019-01-31,13.516621730924776
1959,2019-02-01,14.073887840388243
1960,2019-02-02,14.270248045295226
1961,2019-02-03,13.465556753842005
1962,2019-02-04,13.139849015907252
1963,2019-02-05,12.663521164734428
1964,2019-02-06,13.960771097330815
1965,2019-02-07,13.463912105688864
1966,2019-02-08,12.821407387435965
1967,2019-02-09,13.16215961175519
1968,2019-02-10,13.00420598544082
1969,2019-02-11,12.882973847398219
1970,2019-02-12,13.085049878673496
1971,2019-02-13,13.415206255055269
1972,2019-02-14,13.75308708546778
1973,2019-02-15,13.555257481801023
1974,2019-02-16,13.466554327311941
1975,2019-02-17,13.50202210838501
1976,2019-02-18,13.917349689943379
1977,2019-02-19,14.76372337557293
1978,2019-02-20,15.057926664869237
1979,2019-02-21,14.43734160150984
1980,2019-02-22,14.097074683203019
1981,2019-02-23,15.102628740900512
1982,2019-02-24,14.832165004044215
1983,2019-02-25,14.706308978161228
1984,2019-02-26,14.908978161229442
1985,2019-02-27,15.163332434618495
1986,2019-02-28,15.00062011323807
1987,2019-03-01,16.341614990563492
1988,2019-03-02,16.475694257212183
1989,2019-03-03,16.097209490428686
1990,2019-03-04,14.773186842814773
1991,2019-03-05,15.270868158533295
1992,2019-03-06,15.083459153410622
1993,2019-03-07,15.439592882178482
1994,2019-03-08,15.931019142626042
1995,2019-03-09,15.265826368293341
1996,2019-03-10,15.161269884065785
1997,2019-03-11,15.288730115934213
1998,2019-03-12,15.818441628471286
1999,2019-03-13,15.383081693178752
2000,2019-03-14,14.379778916149904
2001,2019-03-15,13.943354003774601
2002,2019-03-16,14.817107036937179
2003,2019-03-17,14.141412779724991
2004,2019-03-18,14.559463467241843
2005,2019-03-19,13.909760043138311
2006,2019-03-20,14.080736047452142
2007,2019-03-21,14.18932326772715
2008,2019-03-22,14.124305742787811
2009,2019-03-23,13.61314370450256
2010,2019-03-24,13.521501752493933
2011,2019-03-25,13.700889727689402
2012,2019-03-26,13.745564842275543
2013,2019-03-27,13.785022917228362
2014,2019-03-28,14.400674036128335
2015,2019-03-29,15.743866271232138
2016,2019-03-30,15.76817201401995
2017,2019-03-31,16.013507684011863
2018,2019-04-01,15.374858452413049
2019,2019-04-02,15.075545969263953
2020,2019-04-03,14.636532758155836
2021,2019-04-04,15.92444055001348
2022,2019-04-05,15.300876246966837
2023,2019-04-06,15.375829064437852
2024,2019-04-07,15.333930978700456
2025,2019-04-08,15.233270423294686
2026,2019-04-09,14.833122135346452
2027,2019-04-10,15.334362361822592
2028,2019-04-11,15.587476408735506
2029,2019-04-12,16.235332973847395
2030,2019-04-13,16.183769210029656
2031,2019-04-14,15.908627662442706
2032,2019-04-15,15.414060393637097
2033,2019-04-16,15.663561606902128
2034,2019-04-17,15.146643300080882
2035,2019-04-18,14.92438662712321
2036,2019-04-19,15.509261256403343
2037,2019-04-20,15.280183337826905
2038,2019-04-21,15.60647074683203
2039,2019-04-22,15.22834995955783
2040,2019-04-23,15.539511997843084
2041,2019-04-24,15.387112429226205
2042,2019-04-25,15.506268535993529
2043,2019-04-26,15.200552709625235
2044,2019-04-27,15.47756807764896
2045,2019-04-28,15.994028039902936
2046,2019-04-29,15.88181450525748
2047,2019-04-30,15.766513885144242
2048,2019-05-01,15.86384470207603
2049,2019-05-02,15.512348341871121
2050,2019-05-03,15.62608519816662
2051,2019-05-04,16.14059045564842
2052,2019-05-05,15.856457266109462
2053,2019-05-06,15.602129954165541
2054,2019-05-07,15.538110002696143
2055,2019-05-08,14.952332165004043
2056,2019-05-09,15.32700188730116
2057,2019-05-10,15.992208142356427
2058,2019-05-11,16.442599083310864
2059,2019-05-12,16.982057158263682
2060,2019-05-13,16.14505257481801
2061,2019-05-14,16.368967376651387
2062,2019-05-15,17.15579671070369
2063,2019-05-16,17.860245349150713
2064,2019-05-17,18.402534375842542
2065,2019-05-18,18.386977622000536
2066,2019-05-19,21.988015637638174
2067,2019-05-20,19.993286600161767
2068,2019-05-21,18.67480452952278
2069,2019-05-22,19.39587489889458
2070,2019-05-23,18.487948234025342
2071,2019-05-24,19.281005661903478
2072,2019-05-25,18.511512537071987
2073,2019-05-26,18.309665678080343
2074,2019-05-27,17.584645456996494
2075,2019-05-28,18.434429765435425
2076,2019-05-29,18.581908870315445
2077,2019-05-30,18.51308978161229
2078,2019-05-31,19.42756807764896
2079,2019-06-01,18.586856295497437
2080,2019-06-02,19.091493664060394
2081,2019-06-03,18.766864383930976
2082,2019-06-04,18.870248045295227
2083,2019-06-05,19.001172822863303
2084,2019-06-06,19.200188730115933
2085,2019-06-07,19.475613372876786
2086,2019-06-08,19.45918037206794
2087,2019-06-09,19.234308438932324
2088,2019-06-10,18.973550822324075
2089,2019-06-11,18.93544081962793
2090,2019-06-12,18.409840927473713
2091,2019-06-13,18.944081962793202
2092,2019-06-14,19.06384470207603
2093,2019-06-15,19.03717983283904
2094,2019-06-16,18.972431922351035
2095,2019-06-17,20.127689404152058
2096,2019-06-18,20.164801833378267
2097,2019-06-19,19.92057158263683
2098,2019-06-20,19.172553248854136
2099,2019-06-21,18.69122404960906
2100,2019-06-22,18.877190617417092
2101,2019-06-23,18.622216230789967
2102,2019-06-24,18.474710164464813
2103,2019-06-25,18.502601779455375
2104,2019-06-26,18.14451334591534
2105,2019-06-27,18.098220544621192
2106,2019-06-28,18.29875977352386
2107,2019-06-29,18.752520895119975
2108,2019-06-30,18.332906443785383
2109,2019-07-01,17.85452952278242
2110,2019-07-02,17.647762200053922
2111,2019-07-03,17.402898355351844
2112,2019-07-04,17.594068482070636
2113,2019-07-05,18.046953356699916
2114,2019-07-06,17.797290374764085
2115,2019-07-07,17.54809921811809
2116,2019-07-08,17.476530062011324
2117,2019-07-09,17.459369102183874
2118,2019-07-10,17.848948503639793
2119,2019-07-11,18.221784847667834
2120,2019-07-12,18.67764896198436
2121,2019-07-13,18.441264491776757
2122,2019-07-14,18.4715556753842
2123,2019-07-15,18.76751145861418
2124,2019-07-16,18.653424103531947
2125,2019-07-17,18.090523052035586
2126,2019-07-18,18.622809382582904
2127,2019-07-19,18.701334591534106
2128,2019-07-20,18.970369371798327
2129,2019-07-21,18.222539768131572
2130,2019-07-22,18.567767592342946
2131,2019-07-23,17.881383122135347
2132,2019-07-24,18.047249932596383
2133,2019-07-25,17.964707468320302
2134,2019-07-26,18.904758695066054
2135,2019-07-27,18.57554596926395
2136,2019-07-28,18.854219466163386
2137,2019-07-29,18.1000404421677
2138,2019-07-30,18.657967107036935
2139,2019-07-31,18.930183337826907
2140,2019-08-01,18.873968724723643
2141,2019-08-02,19.08576435696953
2142,2019-08-03,19.04129145322189
2143,2019-08-04,18.936991102723105
2144,2019-08-05,18.417686708007547
2145,2019-08-06,18.610191426260446
2146,2019-08-07,18.74660285791318
2147,2019-08-08,19.12414397411701
2148,2019-08-09,19.982542464276083
2149,2019-08-10,19.248773254246426
2150,2019-08-11,19.409059045564838
2151,2019-08-12,19.21078457805338
2152,2019-08-13,18.93544081962793
2153,2019-08-14,17.88754381234834
2154,2019-08-15,17.647991372337554
2155,2019-08-16,18.50307360474521
2156,2019-08-17,18.844176327851173
2157,2019-08-18,19.053194931248314
2158,2019-08-19,18.352857913184145
2159,2019-08-20,18.064033432191962
2160,2019-08-21,18.588096521973576
2161,2019-08-22,18.666783499595578
2162,2019-08-23,19.227500674036126
2163,2019-08-24,19.041156645996224
2164,2019-08-25,19.06969533566999
2165,2019-08-26,19.149056349420327
2166,2019-08-27,19.44605014828795
2167,2019-08-28,18.984955513615528
2168,2019-08-29,18.569425721218657
2169,2019-08-30,19.54826098678889
2170,2019-08-31,18.73308169317875
2171,2019-09-01,19.350485306012402
2172,2019-09-02,19.468239417632784
2173,2019-09-03,18.656726880560797
2174,2019-09-04,19.261256403343218
2175,2019-09-05,19.26079805877595
2176,2019-09-06,20.413251550283096
2177,2019-09-07,19.99726341331895
2178,2019-09-08,20.133984901590722
2179,2019-09-09,20.54685899164195
2180,2019-09-10,20.629482340253436
2181,2019-09-11,20.917403612833645
2182,2019-09-12,20.789579401455917
2183,2019-09-13,21.607805338366134
2184,2019-09-14,21.80984092747371
2185,2019-09-15,21.725033701806417
2186,2019-09-16,22.676260447559986
2187,2019-09-17,22.052440010784576
2188,2019-09-18,21.33713939067134
2189,2019-09-19,21.03916149905635
2190,2019-09-20,20.995025613372874
2191,2019-09-21,20.476179563224587
2192,2019-09-22,20.367080075492044
2193,2019-09-23,21.286114855756264
2194,2019-09-24,21.775451604205983
2195,2019-09-25,20.927284982475058
2196,2019-09-26,21.234928552170395
2197,2019-09-27,21.45985440819628
2198,2019-09-28,21.229536263143704
2199,2019-09-29,21.480142895659206
2200,2019-09-30,21.983364788352656
2201,2019-10-01,22.03886492315988
2202,2019-10-02,21.019641412779723
2203,2019-10-03,22.607589646805067
2204,2019-10-04,22.353882448099217
2205,2019-10-05,21.83147748719331
2206,2019-10-06,21.765179293610135
2207,2019-10-07,22.39528174710164
2208,2019-10-08,21.989889458074952
2209,2019-10-09,22.753262334861148
2210,2019-10-10,22.267983283904016
2211,2019-10-11,22.42361822593691
2212,2019-10-12,21.176166082502018
2213,2019-10-13,21.650835804799136
2214,2019-10-14,21.291021838770554
2215,2019-10-15,21.348732812078723
2216,2019-10-16,21.508964680506875
2217,2019-10-17,21.80403073604745
2218,2019-10-18,21.952049069830142
2219,2019-10-19,21.01286060932866
2220,2019-10-20,19.825208951199784
2221,2019-10-21,20.328713939067132
2222,2019-10-22,20.69948773254246
2223,2019-10-23,20.848314909679157
2224,2019-10-24,19.98151792936101
2225,2019-10-25,21.168482070638984
2226,2019-10-26,20.53115394985171
2227,2019-10-27,20.140361283364786
2228,2019-10-28,19.73514424373146
2229,2019-10-29,19.727689404152063
2230,2019-10-30,20.45233216500404
2231,2019-10-31,19.78428147748719
2232,2019-11-01,19.467080075492046
2233,2019-11-02,20.221326503100563
2234,2019-11-03,19.655163116743054
2235,2019-11-04,19.26632515502831
2236,2019-11-05,19.48461849555136
2237,2019-11-06,19.316055540576972
2238,2019-11-07,19.687449447290373
2239,2019-11-08,19.89125101105419
2240,2019-11-09,19.296778107306547
2241,2019-11-10,19.086492315988135
2242,2019-11-11,18.497991372337555
2243,2019-11-12,19.074036128336477
2244,2019-11-13,19.29892154219466
2245,2019-11-14,19.118805607980587
2246,2019-11-15,18.892599083310863
2247,2019-11-16,19.56264491776759
2248,2019-11-17,19.178296036667565
2249,2019-11-18,18.719681854947424
2250,2019-11-19,15.448368832569425
2251,2019-11-20,15.448611485575626
2252,2019-11-21,16.80214343488811
2253,2019-11-22,16.629037476408733
2254,2019-11-23,16.269344836883253
2255,2019-11-24,15.757845780533835
2256,2019-11-25,15.554017255324885
2257,2019-11-26,14.981720140199513
2258,2019-11-27,15.317754111620381
2259,2019-11-28,16.765138851442433
2260,2019-11-29,16.43928282555945
2261,2019-11-30,18.09228902669183
2262,2019-12-01,18.285373416015098
2263,2019-12-02,17.915125370719867
2264,2019-12-03,18.377096252359124
2265,2019-12-04,17.377864653545426
2266,2019-12-05,17.059962253976813
2267,2019-12-06,18.178916149905632
2268,2019-12-07,17.119762739282823
2269,2019-12-08,18.31461310326233
2270,2019-12-09,18.480533836613642
2271,2019-12-10,17.959503909409545
2272,2019-12-11,17.932165004044215
2273,2019-12-12,17.990132111081152
2274,2019-12-13,18.013399838231326
2275,2019-12-14,18.490900512267455
2276,2019-12-15,18.606228093825827
2277,2019-12-16,17.898571043407923
2278,2019-12-17,17.867080075492048
2279,2019-12-18,18.345093016985707
2280,2019-12-19,18.327082771636558
2281,2019-12-20,17.977433270423294
2282,2019-12-21,18.285171205176596
2283,2019-12-22,18.2294149366406
2284,2019-12-23,18.24483688325694
2285,2019-12-24,19.10514963602049
2286,2019-12-25,19.44636020490698
2287,2019-12-26,18.88110002696144
2288,2019-12-27,19.564815314100834
2289,2019-12-28,19.900471825289834
2290,2019-12-29,19.081706659476946
2291,2019-12-30,19.11412779724993
2292,2019-12-31,19.656848207063895
2293,2020-01-01,19.84595578322998
2294,2020-01-02,19.912752763548124
2295,2020-01-03,19.440819627932054
2296,2020-01-04,19.35613372876786
2297,2020-01-05,20.236950660555404
2298,2020-01-06,19.660595847937447
2299,2020-01-07,19.985696953356697
2300,2020-01-08,20.45150984092747
2301,2020-01-09,21.252777028848744
2302,2020-01-10,22.24080614720949
2303,2020-01-11,21.694796441089238
2304,2020-01-12,23.380911296845508
2305,2020-01-13,22.67081423564303
2306,2020-01-14,22.141857643569693
2307,2020-01-15,22.623389053653273
2308,2020-01-16,23.91609598274467
2309,2020-01-17,24.11033971420868
2310,2020-01-18,23.242491237530327
2311,2020-01-19,22.494567268805604
2312,2020-01-20,22.772148827177137
2313,2020-01-21,21.980304664330006
2314,2020-01-22,21.78209760043138
2315,2020-01-23,22.216163386357504
2316,2020-01-24,22.283229981126986
2317,2020-01-25,21.869506605554054
2318,2020-01-26,22.5936775411162
2319,2020-01-27,21.86025882987328
2320,2020-01-28,21.590078188190883
2321,2020-01-29,21.280142895659203
2322,2020-01-30,22.0503639795093
2323,2020-01-31,22.955675384200593
2324,2020-02-01,22.891237530331622
2325,2020-02-02,23.10408465893772
2326,2020-02-03,22.054421677001887
2327,2020-02-04,22.29092747371259
2328,2020-02-05,22.54977082771636
2329,2020-02-06,23.050094365057966
2330,2020-02-07,23.01799676462658
2331,2020-02-08,23.190523052035587
2332,2020-02-09,22.796184955513613
2333,2020-02-10,22.76156645996225
2334,2020-02-11,22.062011323806953
2335,2020-02-12,21.45647074683203
2336,2020-02-13,23.57624696683742
2337,2020-02-14,23.745605284443243
2338,2020-02-15,23.069991911566458
2339,2020-02-16,24.459166891345376
2340,2020-02-17,23.438972768940413
2341,2020-02-18,22.370773793475326
2342,2020-02-19,22.828956592073332
2343,2020-02-20,23.615920733351306
2344,2020-02-21,22.466621730924775
2345,2020-02-22,23.083229981126987
2346,2020-02-23,22.772836344028036
2347,2020-02-24,22.382218926934485
2348,2020-02-25,22.056807764896195
2349,2020-02-26,22.11903478026422
2350,2020-02-27,21.804259908331087
2351,2020-02-28,21.797856565111886
2352,2020-02-29,22.580911296845507
2353,2020-03-01,22.04521434348881
2354,2020-03-02,22.26330547317336
2355,2020-03-03,22.56512537071987
2356,2020-03-04,22.871366945268264
2357,2020-03-05,23.46869776220005
2358,2020-03-06,23.034011863035857
2359,2020-03-07,23.044041520625502
2360,2020-03-08,22.56671609598274
2361,2020-03-09,22.602332165004043
2362,2020-03-10,22.02712321380426
2363,2020-03-11,22.69948773254246
2364,2020-03-12,23.03301428956592
2365,2020-03-13,22.60851981666217
2366,2020-03-14,23.113359396063625
2367,2020-03-15,22.758277163655972
2368,2020-03-16,22.53852790509571
2369,2020-03-17,22.09034780264222
2370,2020-03-18,21.71643300080884
2371,2020-03-19,22.170207603127526
2372,2020-03-20,21.251739013211104
2373,2020-03-21,21.93271771366945
2374,2020-03-22,21.6433540037746
2375,2020-03-23,20.792383391749794
2376,2020-03-24,20.219641412779723
2377,2020-03-25,19.712928012941493
2378,2020-03-26,20.789013211108113
2379,2020-03-27,21.61635211647344
2380,2020-03-28,22.27999460771097
2381,2020-03-29,21.037880830412508
2382,2020-03-30,20.654421677001885
2383,2020-03-31,20.907346993798864
2384,2020-04-01,20.109746562415744
2385,2020-04-02,20.36167430574279
2386,2020-04-03,20.24067133998382
2387,2020-04-04,21.116244270692906
2388,2020-04-05,20.85563494203289
2389,2020-04-06,20.87715017524939
2390,2020-04-07,20.842801294149364
2391,2020-04-08,20.33004853060124
2392,2020-04-09,20.53584524130493
2393,2020-04-10,21.267214882717713
2394,2020-04-11,21.050498786734966
2395,2020-04-12,21.149622539768128
2396,2020-04-13,21.25719870585063
2397,2020-04-14,20.688905365327578
2398,2020-04-15,21.30655163116743
2399,2020-04-16,21.141075761660822
2400,2020-04-17,22.11949312483149
2401,2020-04-18,22.46202480452952
2402,2020-04-19,22.06050148287948
2403,2020-04-20,21.23798867619304
2404,2020-04-21,22.385265570234562
2405,2020-04-22,22.48735508223241
2406,2020-04-23,23.04309787004583
2407,2020-04-24,23.37488541385818
2408,2020-04-25,24.04052305203559
2409,2020-04-26,22.70057967107037
2410,2020-04-27,24.590617417093554
2411,2020-04-28,25.726840118630356
2412,2020-04-29,27.779981126988403
2413,2020-04-30,27.232043677541114
2414,2020-05-01,28.71264491776759
2415,2020-05-02,28.458142356430304
2416,2020-05-03,28.951765974656237
2417,2020-05-04,27.382731194392015
2418,2020-05-05,26.88358047991372
2419,2020-05-06,27.232528983553514
2420,2020-05-07,25.76743057427878
2421,2020-05-08,25.922755459692638
2422,2020-05-09,25.871771366945264
2423,2020-05-10,26.803221892693443
2424,2020-05-11,25.260622809382582
2425,2020-05-12,24.899352925316798
2426,2020-05-13,25.190698301428952
2427,2020-05-14,25.29631976273928
2428,2020-05-15,26.294621191695875
2429,2020-05-16,25.89503909409544
2430,2020-05-17,26.44842275545969
2431,2020-05-18,26.795430035049876
2432,2020-05-19,26.56995146939876
2433,2020-05-20,27.067444055001346
2434,2020-05-21,27.416554327311943
2435,2020-05-22,26.570746832030196
2436,2020-05-23,27.73668104610407
2437,2020-05-24,26.924844971690483
2438,2020-05-25,26.411957400916688
2439,2020-05-26,25.848112698840655
2440,2020-05-27,25.220706389862496
2441,2020-05-28,25.720949042868696
2442,2020-05-29,26.593232677271498
2443,2020-05-30,27.66267187921272
2444,2020-05-31,26.196872472364518
2445,2020-06-01,26.70284443246158
2446,2020-06-02,27.789741170126717
2447,2020-06-03,27.038433540037744
2448,2020-06-04,27.497789161499053
2449,2020-06-05,27.503181450525744
2450,2020-06-06,27.822890266918304
2451,2020-06-07,28.29494472903747
2452,2020-06-08,27.83250202210838
2453,2020-06-09,28.572944189808574
2454,2020-06-10,27.7076974925856
2455,2020-06-11,27.276705311404687
2456,2020-06-12,28.08313561606902
2457,2020-06-13,29.008344567268804
2458,2020-06-14,29.339282825559447
2459,2020-06-15,29.66008358047991
2460,2020-06-16,28.358789431113507
2461,2020-06-17,28.473860878943107
2462,2020-06-18,28.945214343488807
2463,2020-06-19,29.466796980318144
2464,2020-06-20,30.25868158533297
2465,2020-06-21,29.632259369102183
2466,2020-06-22,28.638959288217848
2467,2020-06-23,27.942679967646264
2468,2020-06-24,28.34228902669183
2469,2020-06-25,28.06264491776759
2470,2020-06-26,28.68235373416015
2471,2020-06-27,29.10150984092747
2472,2020-06-28,28.55775141547587
2473,2020-06-29,28.196562415745483
2474,2020-06-30,30.166203828525205
2475,2020-07-01,29.66344028039903
2476,2020-07-02,30.99689943380965
2477,2020-07-03,31.650377460231862
2478,2020-07-04,32.6371528713939
2479,2020-07-05,31.896912914532212
2480,2020-07-06,30.301941224049603
2481,2020-07-07,29.61784847667835
2482,2020-07-08,29.870126718792125
2483,2020-07-09,29.198948503639794
2484,2020-07-10,30.63173362092208
2485,2020-07-11,31.237301159342138
2486,2020-07-12,31.8933135616069
2487,2020-07-13,31.613979509301696
2488,2020-07-14,31.208371528713933
2489,2020-07-15,31.603410622809378
2490,2020-07-16,30.98847398220544
2491,2020-07-17,31.6142626044756
2492,2020-07-18,32.537395524400104
2493,2020-07-19,31.823914801833375
2494,2020-07-20,32.468643839309784
2495,2020-07-21,32.10568886492315
2496,2020-07-22,31.159274737125905
2497,2020-07-23,30.843003504987866
2498,2020-07-24,31.091170126718787
2499,2020-07-25,30.518428147748715
2500,2020-07-26,31.20665947694796
2501,2020-07-27,31.092922620652462
2502,2020-07-28,31.13947155567538
2503,2020-07-29,31.758789431113506
2504,2020-07-30,31.355540576974924
2505,2020-07-31,31.476408735508222
2506,2020-08-01,32.03608789431113
2507,2020-08-02,31.867039633324342
2508,2020-08-03,30.697371259099484
2509,2020-08-04,30.876058236721484
2510,2020-08-05,30.380331625775135
2511,2020-08-06,31.322081423564303
2512,2020-08-07,30.21757886222701
2513,2020-08-08,28.959787004583443
2514,2020-08-09,28.789080614720948
2515,2020-08-10,28.881329199245076
2516,2020-08-11,28.215597196009703
2517,2020-08-12,28.05342410353195
2518,2020-08-13,28.838379617147478
2519,2020-08-14,29.136802372607168
2520,2020-08-15,28.475074143974112
2521,2020-08-16,28.432555944998647
2522,2020-08-17,27.598031814505255
2523,2020-08-18,27.61597465624157
2524,2020-08-19,28.416675653815044
2525,2020-08-20,27.393771906174166
2526,2020-08-21,27.45527096252359
2527,2020-08-22,27.207185225128065
2528,2020-08-23,25.913655971960097
2529,2020-08-24,26.049029387975192
2530,2020-08-25,26.745780533836612
2531,2020-08-26,26.381598813696414
2532,2020-08-27,26.381410083580477
2533,2020-08-28,26.783270423294685
2534,2020-08-29,27.751833378269072
2535,2020-08-30,26.684551091938527
2536,2020-08-31,26.950269614451333
2537,2020-09-01,27.361849555136153
2538,2020-09-02,27.19586141817201
2539,2020-09-03,27.552830951739008
2540,2020-09-04,26.86512537071987
2541,2020-09-05,28.833324346184956
2542,2020-09-06,28.35090320841197
2543,2020-09-07,28.000337018064165
2544,2020-09-08,28.303060124022647
2545,2020-09-09,27.24636020490698
2546,2020-09-10,26.86264491776759
2547,2020-09-11,26.363426799676457
2548,2020-09-12,26.72678619574009
2549,2020-09-13,26.751091938527903
2550,2020-09-14,27.15246697222971
2551,2020-09-15,27.298368832569423
2552,2020-09-16,26.39834187112429
2553,2020-09-17,27.539889458074953
2554,2020-09-18,27.74994607710973
2555,2020-09-19,27.297236451873818
2556,2020-09-20,27.465098409274734
2557,2020-09-21,27.54033432191965
2558,2020-09-22,26.996117551900777
2559,2020-09-23,26.936654084658937
2560,2020-09-24,27.23890536532758
2561,2020-09-25,27.40119978430844
2562,2020-09-26,27.78402534375842
2563,2020-09-27,27.80539228902669
2564,2020-09-28,27.684146670261526
2565,2020-09-29,28.19104880021569
2566,2020-09-30,28.607778376921
2567,2020-10-01,28.939282825559445
2568,2020-10-02,27.970585063359398
2569,2020-10-03,28.159719600970607
2570,2020-10-04,28.653949851712053
2571,2020-10-05,28.96242922620652
2572,2020-10-06,28.241817201401993
2573,2020-10-07,29.070005392289023
2574,2020-10-08,29.447384739822052
2575,2020-10-09,28.120585063359396
2576,2020-10-10,28.32713669452682
2577,2020-10-11,29.125411162038283
2578,2020-10-12,27.709760043138314
2579,2020-10-13,28.210488002156914
2580,2020-10-14,27.498894580749525
2581,2020-10-15,27.921272580210296
2582,2020-10-16,28.86078457805338
2583,2020-10-17,27.998234025343756
2584,2020-10-18,27.677055810191423
2585,2020-10-19,27.45967915880291
2586,2020-10-20,27.79685899164195
2587,2020-10-21,28.60667295767053
2588,2020-10-22,28.84552440010784
2589,2020-10-23,29.15142895659207
2590,2020-10-24,29.480035049878673
2591,2020-10-25,29.48556214613103
2592,2020-10-26,28.81672957670531
2593,2020-10-27,29.1281207872742
2594,2020-10-28,28.48774602318684
2595,2020-10-29,28.439013211108115
2596,2020-10-30,29.122310595847935
2597,2020-10-31,28.695066055540572
2598,2020-11-01,28.144122404960907
2599,2020-11-02,28.231019142626042
2600,2020-11-03,28.542882178484767
2601,2020-11-04,28.57146131032623
2602,2020-11-05,28.2081423564303
2603,2020-11-06,29.243906713399838
2604,2020-11-07,28.880075492046373
2605,2020-11-08,28.209813966028573
2606,2020-11-09,28.667619304394712
2607,2020-11-10,28.70707737934753
2608,2020-11-11,28.335103801563765
2609,2020-11-12,28.683499595578322
2610,2020-11-13,29.43250202210838
2611,2020-11-14,28.939080614720947
2612,2020-11-15,28.62181180911297
2613,2020-11-16,28.560488002156916
2614,2020-11-17,27.993785386896736
2615,2020-11-18,28.367201401995143
2616,2020-11-19,28.5075761660825
2617,2020-11-20,27.913844702076027
2618,2020-11-21,28.577837692100292
2619,2020-11-22,28.720207603127527
2620,2020-11-23,27.656592073335126
2621,2020-11-24,27.751334591534103
2622,2020-11-25,27.01771366945268
2623,2020-11-26,28.024588837961712
2624,2020-11-27,29.147155567538416
2625,2020-11-28,28.848557562685354
2626,2020-11-29,28.290428686977616
2627,2020-11-30,27.835157724454028
2628,2020-12-01,27.759813966028577
2629,2020-12-02,28.13813696414127
2630,2020-12-03,28.59471555675384
2631,2020-12-04,23.648341871124288
2632,2020-12-05,24.2361418172014
2633,2020-12-06,24.441749797789157
2634,2020-12-07,23.99644108924238
2635,2020-12-08,24.03556214613103
2636,2020-12-09,22.850417902399567
2637,2020-12-10,22.371555675384197
2638,2020-12-11,23.424480992181177
2639,2020-12-12,24.16709355621461
2640,2020-12-13,24.448813696414128
2641,2020-12-14,24.214073874359663
2642,2020-12-15,23.848395794014557
2643,2020-12-16,23.724561876516578
2644,2020-12-17,23.54108924238339
2645,2020-12-18,24.602938797519545
2646,2020-12-19,24.020612024804528
2647,2020-12-20,24.264815314100833
2648,2020-12-21,24.207454839579402
2649,2020-12-22,23.51989754650849
2650,2020-12-23,25.08430843893232
2651,2020-12-24,24.815664599622536
2652,2020-12-25,26.262901051496357
2653,2020-12-26,25.869587489889458
2654,2020-12-27,25.476220005392285
2655,2020-12-28,26.117834995955782
2656,2020-12-29,25.681234834187112
2657,2020-12-30,26.382825559449984
2658,2020-12-31,27.410663251550282
2659,2021-01-01,26.804880021569154
2660,2021-01-02,27.031288757077377
2661,2021-01-03,27.785589107576165
2662,2021-01-04,27.84321919654893
2663,2021-01-05,27.563089781612295
2664,2021-01-06,27.453626314370446
2665,2021-01-07,28.25435427338905
2666,2021-01-08,29.5429495820976
2667,2021-01-09,28.972040981396603
2668,2021-01-10,28.092437314640062
2669,2021-01-11,27.63705850633594
2670,2021-01-12,28.406686438393095
2671,2021-01-13,28.254205985440816
2672,2021-01-14,28.409935292531678
2673,2021-01-15,29.31919654893502
2674,2021-01-16,29.78367484497169
2675,2021-01-17,28.608304125101107
2676,2021-01-18,28.45934214073874
2677,2021-01-19,28.130277702884875
2678,2021-01-20,28.151011054192505
2679,2021-01-21,27.93363440280399
2680,2021-01-22,28.47549204637368
2681,2021-01-23,29.369803181450525
2682,2021-01-24,28.423941763278506
2683,2021-01-25,28.455850633593958
2684,2021-01-26,28.377096252359124
2685,2021-01-27,27.72105688864923
2686,2021-01-28,27.078134267996763
2687,2021-01-29,27.829563224588835
2688,2021-01-30,27.850808843354
2689,2021-01-31,28.02755459692639
2690,2021-02-01,27.68829873281208
2691,2021-02-02,27.719884065785923
2692,2021-02-03,28.17620652466972
2693,2021-02-04,28.46945268266379
2694,2021-02-05,28.96016446481531
2695,2021-02-06,28.839134537611212
2696,2021-02-07,28.351064977082768
2697,2021-02-08,28.579361013750333
2698,2021-02-09,27.962321380425987
2699,2021-02-10,28.40172553248854
2700,2021-02-11,27.759935292531676
2701,2021-02-12,27.15881639255864
2702,2021-02-13,27.135171205176594
2703,2021-02-14,26.552278242113772
2704,2021-02-15,26.449393367484497
2705,2021-02-16,27.632070638986246
2706,2021-02-17,27.214801833378267
2707,2021-02-18,28.06817201401995
2708,2021-02-19,28.11015098409274
2709,2021-02-20,28.469520086276624
2710,2021-02-21,27.540779185764354
2711,2021-02-22,26.995928821784844
2712,2021-02-23,27.600660555405767
2713,2021-02-24,27.71807764896198
2714,2021-02-25,28.30318145052575
2715,2021-02-26,28.78362092208142
2716,2021-02-27,28.190199514693983
2717,2021-02-28,28.322741978970072
2718,2021-03-01,28.00815583715287
2719,2021-03-02,28.123456457266105
2720,2021-03-03,27.348476678349957
2721,2021-03-04,27.61272580210299
2722,2021-03-05,28.25006740361283
2723,2021-03-06,28.755270962523586
2724,2021-03-07,28.437179832839035
2725,2021-03-08,28.20845241304934
2726,2021-03-09,28.561889997303854
2727,2021-03-10,28.48406578592612
2728,2021-03-11,29.151644648153137
2729,2021-03-12,29.77318684281477
2730,2021-03-13,30.711633863575084
2731,2021-03-14,29.85938258290644
2732,2021-03-15,30.65744135885683
2733,2021-03-16,30.35752224319223
2734,2021-03-17,31.26597465624157
2735,2021-03-18,31.832731194392014
2736,2021-03-19,30.914033432191964
2737,2021-03-20,31.007333513076297
2738,2021-03-21,31.3582636829334
2739,2021-03-22,31.320585063359392
2740,2021-03-23,32.39184416284713
2741,2021-03-24,31.861552979239683
2742,2021-03-25,31.790698301428954
2743,2021-03-26,33.767201401995145
2744,2021-03-27,34.26833378269075
2745,2021-03-28,34.17314640064707
2746,2021-03-29,34.69929900242653
2747,2021-03-30,35.30783229981127
2748,2021-03-31,35.76290105149636
2749,2021-04-01,36.604502561337284
2750,2021-04-02,35.54932596387166
2751,2021-04-03,36.42502022108384
2752,2021-04-04,36.273685629549746
2753,2021-04-05,35.6869102183877
2754,2021-04-06,35.58866271232138
2755,2021-04-07,33.26912914532219
2756,2021-04-08,33.04049609059045
2757,2021-04-09,33.95885683472634
2758,2021-04-10,33.96879212725801
2759,2021-04-11,33.835656511189
2760,2021-04-12,32.307346993798866
2761,2021-04-13,32.95837152871393
2762,2021-04-14,32.37440010784577
2763,2021-04-15,32.38436236182259
2764,2021-04-16,33.794135885683474
2765,2021-04-17,33.908924238339175
2766,2021-04-18,33.92890266918307
2767,2021-04-19,34.157373955244
2768,2021-04-20,32.89773523860878
2769,2021-04-21,34.67003235373416
2770,2021-04-22,34.342073335130756
2771,2021-04-23,34.87948234025344
2772,2021-04-24,35.04475599892154
2773,2021-04-25,35.7858182798598
2774,2021-04-26,34.992113777298464
2775,2021-04-27,36.51524669722297
2776,2021-04-28,35.34145322189269
2777,2021-04-29,35.80362631437045
2778,2021-04-30,35.55590455648422
2779,2021-05-01,36.844122404960906
2780,2021-05-02,35.98247506066325
2781,2021-05-03,36.97690752224319
2782,2021-05-04,35.436303585872196
2783,2021-05-05,34.59377190617417
2784,2021-05-06,35.43425451604205
2785,2021-05-07,36.03211108115395
2786,2021-05-08,37.222270153680235
2787,2021-05-09,37.799865192774334
2788,2021-05-10,39.19103531949312
2789,2021-05-11,39.06703963332434
2790,2021-05-12,39.89075222431922
2791,2021-05-13,39.60718522512806
2792,2021-05-14,40.51497708277163
2793,2021-05-15,42.419371798328385
2794,2021-05-16,42.18499595578322
2795,2021-05-17,40.03589916419519
2796,2021-05-18,41.56091938527905
2797,2021-05-19,41.667915880291176
2798,2021-05-20,43.34902938797519
2799,2021-05-21,43.62754111620383
2800,2021-05-22,43.693529253167966
2801,2021-05-23,42.900377460231866
2802,2021-05-24,42.471650040442164
2803,2021-05-25,43.69716904826098
2804,2021-05-26,44.03078997034241
2805,2021-05-27,46.37469668374224
2806,2021-05-28,51.07833647883526
2807,2021-05-29,51.71153949851711
2808,2021-05-30,48.838217848476674
2809,2021-05-31,47.564100835804794
2810,2021-06-01,46.531248314909675
2811,2021-06-02,46.56163386357508
2812,2021-06-03,46.47030196818549
2813,2021-06-04,50.680992181180905
2814,2021-06-05,55.48674844971689
2815,2021-06-06,55.06722836344028
2816,2021-06-07,50.368684281477485
2817,2021-06-08,48.84325963871663
2818,2021-06-09,51.809274737125904
2819,2021-06-10,52.68194931248315
2820,2021-06-11,53.0300215691561
2821,2021-06-12,53.591035319493116
2822,2021-06-13,54.02166352116473
2823,2021-06-14,50.90839849015907
2824,2021-06-15,50.240266918306816
2825,2021-06-16,49.80564842275545
2826,2021-06-17,51.959126449177674
2827,2021-06-18,49.80455648422755
2828,2021-06-19,47.066756538150436
2829,2021-06-20,47.52971151253707
2830,2021-06-21,46.71393906713399
2831,2021-06-22,46.01263143704502
2832,2021-06-23,45.86064977082771
2833,2021-06-24,45.78136964141277
2834,2021-06-25,45.275222431922344
2835,2021-06-26,46.03321650040442
2836,2021-06-27,45.16062280938258
2837,2021-06-28,43.997182528983544
2838,2021-06-29,44.586182259369096
2839,2021-06-30,44.24009166891345
2840,2021-07-01,44.86526017794554
2841,2021-07-02,43.418859530870854
2842,2021-07-03,43.76640603936371
2843,2021-07-04,42.56931787543812
2844,2021-07-05,42.821191695874894
2845,2021-07-06,42.86504448638446
2846,2021-07-07,41.89436505796711
2847,2021-07-08,41.85727959018603
2848,2021-07-09,42.13258290644378
2849,2021-07-10,41.61782151523321
2850,2021-07-11,40.998530601240226
2851,2021-07-12,40.26585332973847
2852,2021-07-13,40.85203558910757
2853,2021-07-14,39.46830682124561
2854,2021-07-15,39.516230789970336
2855,2021-07-16,40.19312483149096
2856,2021-07-17,38.98166621730924
2857,2021-07-18,39.414330008088434
2858,2021-07-19,38.269210029657586
2859,2021-07-20,38.33438932326772
2860,2021-07-21,38.44797789161498
2861,2021-07-22,38.342046373685626
2862,2021-07-23,37.70035049878673
2863,2021-07-24,38.15664262604475
2864,2021-07-25,37.75232767142985
2865,2021-07-26,38.412929185178236
2866,2021-07-27,37.48323784488181
2867,2021-07-28,38.81173328390401
2868,2021-07-29,39.47462871843264
2869,2021-07-30,39.88858856834726
2870,2021-07-31,41.01609991462209
2871,2021-08-01,39.77336658578233
2872,2021-08-02,40.43549361912465
2873,2021-08-03,41.12645367125011
2874,2021-08-04,41.38767300260627
2875,2021-08-05,42.34929170036847
2876,2021-08-06,41.85088354902489
2877,2021-08-07,42.1778142473654
2878,2021-08-08,41.70845522153321
2879,2021-08-09,39.77922210369606
2880,2021-08-10,40.7881043857284
2881,2021-08-11,42.26358182798597
2882,2021-08-12,41.38466455468679
2883,2021-08-13,42.0163509442367
2884,2021-08-14,43.09298474919994
2885,2021-08-15,42.77812359575807
2886,2021-08-16,40.179960026726995
2887,2021-08-17,39.01633746351413
2888,2021-08-18,38.338115619663874
2889,2021-08-19,39.12744562775231
2890,2021-08-20,40.255742787813425
2891,2021-08-21,40.92630145142446
2892,2021-08-22,40.23509735426166
2893,2021-08-23,40.27966433000808
2894,2021-08-24,41.491209726341324
